ano,ano_mes,cirurgias,consultas,custo_por_cirurgia,custo_por_cirurgia_zscore,custo_por_consulta,custo_por_consulta_zscore,custo_por_internacao,custo_por_internacao_zscore,custo_por_leito_mes,custo_por_leito_mes_zscore,devolvidos,emergencia,exames,executados,hospital,internacoes,internacoes_uti,mes,obitos,oss,perc_exec_financeira,perc_exec_financeira_zscore,perc_exec_fisica,perc_exec_fisica_zscore,recebidos_ses,saldo_final,taxa_ocupacao_perc,total_leitos
2025,2025-04,0.0,0.0,,,,,,,,,0.0,0.0,0.0,20005.23,CORA,0.0,0.0,4,0.0,Hospital de Amor,0.7536477847511739,-0.0953100882934922,,,2654453.5,2639855.85,,
2025,2025-05,0.0,0.0,,,,,,,,,0.0,0.0,0.0,1484224.99,CORA,0.0,0.0,5,0.0,Hospital de Amor,,,,,0.0,1173401.79,,
2025,2025-06,19.0,33.0,180128.06736842103,1.2028156647825956,103710.09939393938,14.577817612607456,180128.06736842103,9.81606763074706,118014.94068965517,0.5319291227756596,0.0,0.0,,3422433.28,CORA,19.0,,6,3.0,Hospital de Amor,56.33615035269109,-0.07927579948788188,,,6075021.56,3869669.42,64.65,29.0
2025,2025-07,9.0,211.0,481765.18333333335,4.312220512834251,20549.22582938389,2.2977834938653983,78834.30272727273,3.6090683369787366,180661.94375,1.5222197088453082,0.0,14.0,,4335886.65,CORA,55.0,,7,0.0,Hospital de Amor,111.95884988462954,-0.0632299147716867,,,3872750.26,3891563.13,43.43,24.0
2025,2025-08,9.0,309.0,452606.5633333333,4.011640943571154,13182.715436893204,1.2100003203801994,51562.77303797468,1.9379450835273488,169727.46125,1.3493732109392085,0.0,94.0,,4073459.07,CORA,79.0,,8,2.0,Hospital de Amor,98.60709082762924,-0.06708159382340236,,,4131000.15,4061636.14,62.48,24.0
2025,2025-09,23.0,384.0,242111.36434782608,1.841766092051655,14501.461927083334,1.4047343485278834,53543.85942307692,2.059340530095917,232023.39083333334,2.334114213751565,0.0,109.0,,5568561.38,CORA,104.0,,9,2.0,Hospital de Amor,137.99877417004168,-0.05571798840676341,,,4035225.25,2714452.09,70.0,24.0
2025,2025-10,20.0,519.0,233666.34300000002,1.7547111875621006,9004.483352601157,0.5930174731365442,46270.56297029703,1.6136532155242052,194721.9525,1.7444728674165182,0.0,114.0,,4673326.86,CORA,101.0,,10,1.0,Hospital de Amor,108.43597398367406,-0.06424618440713897,,,4309756.89,2417895.2,68.3,24.0
2025,2025-11,12.0,410.0,469763.9608333334,4.188506760616876,13749.189097560977,1.2936492237911161,59969.86734042553,2.4531083670998703,234881.9804166667,2.379301281217266,0.0,135.0,,5637167.53,CORA,94.0,,11,4.0,Hospital de Amor,127.37049465063434,-0.05878400550652652,,,4425803.28,930645.14,66.25,24.0
2025,2025-12,25.0,495.0,199953.414,1.4071838465076425,10098.657272727272,0.7545897666329089,52619.319473684205,2.002687301407347,172373.6327586207,1.3912024861814514,0.0,150.0,,4998835.35,CORA,95.0,,12,1.0,Hospital de Amor,102.18053222304317,-0.06605073719196598,,,4892160.22,708300.16,55.76,29.0
2026,2026-01,19.0,565.0,379666.63,3.259744806394145,12767.55038938053,1.148694555663729,83879.83686046512,3.9182445919274747,184965.7941025641,1.5902526917462034,0.0,135.0,,7213665.97,CORA,86.0,,1,1.0,Hospital de Amor,164.22709655060982,-0.048151713472981326,,,4392494.37,858045.27,61.42,39.0
2026,2026-02,120.0,527.0,38859.44191666667,-0.25344195607456416,8848.449772296015,0.5699766174109341,54860.3885882353,2.1400137643005417,91433.98098039217,0.11175141461898669,0.0,118.0,,4663133.03,CORA,85.0,17.0,2,2.0,Hospital de Amor,102.39612413773362,-0.06598854382418669,,,4554013.22,1140984.34,32.13,51.0
2026,2026-03,131.0,611.0,37059.296335877865,-0.27199862930822083,7945.610180032733,0.43665790006800226,52769.215434782614,2.0118725077028445,95191.52588235294,0.17114869080730552,0.0,135.0,581.0,4854767.82,CORA,92.0,,3,3.0,Hospital de Amor,108.66971176074449,-0.06417875637045156,107.93578947368421,0.20057872972244092,4467452.56,1393610.77,29.03,51.0
2026,2026-04,,,,,,,,,,,0.0,,,4989756.92,CORA,,,4,,Hospital de Amor,111.63518311275722,-0.06332328527962015,,,4469699.23,1418654.85,,
2018,2018-01,,3271.0,,,977.1310058086212,-0.5923495928461683,,,,,0.0,,,3196195.52,CREDEQ,,,1,,ABEVIDA,171.4939623411458,-0.04605538784146376,100.0,-0.31112565499797334,1863736.47,5350295.55,,
2018,2018-02,,927.0,,,2590.4950701186626,-0.35411056400407676,,,,,0.0,,,2401388.93,CREDEQ,,,2,,ABEVIDA,350.2322913911094,0.005506558026594457,93.22,-0.7483040529266362,685656.06,3672955.91,,
2018,2018-03,,4070.0,,,583.649972972973,-0.650453365704551,,,,,0.0,,,2375455.39,CREDEQ,,,3,,ABEVIDA,126.93366823148102,-0.058910020000999194,100.0,-0.31112565499797334,1871414.75,3194047.41,,
2018,2018-04,,4157.0,,,625.9818931922059,-0.6442023800868915,,,,,0.0,,,2602206.73,CREDEQ,,,4,,ABEVIDA,142.3036932000245,-0.05447611710154214,92.64500000000001,-0.7853803919840073,1828629.09,2015653.67,,
2018,2018-05,,,,,,,,,,,0.0,,,3275987.16,CREDEQ,,,5,,ABEVIDA,139.59530259795204,-0.055257426238512874,,,2346774.64,1737492.01,,
2018,2018-06,,3949.0,,,597.7200886300329,-0.6483756879106879,,,,,0.0,,,2360396.63,CREDEQ,,,6,,ABEVIDA,160.17251467617368,-0.04932136819806744,100.0,-0.31112565499797334,1473658.97,865452.05,,
2018,2018-07,,3949.0,,,549.9980222841225,-0.6554226148827781,,,,,0.0,,,2171942.19,CREDEQ,,,7,,ABEVIDA,108.12793966658818,-0.06433504530713455,93.18,-0.7508832765132355,2008678.05,720501.94,,
2018,2018-08,,4315.0,,,385.62049362688293,-0.6796955881422334,,,,,0.0,,,1663952.43,CREDEQ,,,8,,ABEVIDA,110.24812447273685,-0.06372342017453997,100.0,-0.31112565499797334,1509279.58,571724.48,,
2018,2018-09,,3560.0,,,410.80048595505616,-0.6759773592246451,,,,,0.0,,,1462449.73,CREDEQ,,,9,,ABEVIDA,153.94207684210525,-0.051118707918328204,100.0,-0.31112565499797334,950000.0,67269.13,,
2018,2018-10,,3813.0,,,436.5129714135851,-0.672180499172865,,,,,0.0,,,1664423.96,CREDEQ,,,10,,ABEVIDA,61.277670819927685,-0.07785028313561516,93.33,-0.7412111880634868,2716199.78,1130089.28,,
2018,2018-11,,3472.0,,,585.9709418202765,-0.6501106375030333,,,,,0.0,,,2034491.11,CREDEQ,,,11,,ABEVIDA,98.46254313865163,-0.06712329254663667,100.0,-0.31112565499797334,2066258.95,1173505.59,,
2018,2018-12,,3221.0,,,564.6377118907172,-0.653260830378227,,,,,0.0,,,1818698.07,CREDEQ,,,12,,ABEVIDA,250.54721004219962,-0.02325032246840373,100.0,-0.31112565499797334,725890.37,94717.83,,
2019,2019-01,,,,,,,,,,,0.0,,,1288409.32,CREDEQ,,,1,,ABEVIDA,102.1644723825198,-0.06605537009097605,,,1261112.88,70838.64,,
2019,2019-02,,,,,,,,,,,0.0,,,1556370.1,CREDEQ,,,2,,ABEVIDA,62.99515710366714,-0.07735482737488376,,,2470618.65,1004577.04,,
2019,2019-03,,,,,,,,,,,0.0,,,2204942.74,CREDEQ,,,3,,ABEVIDA,94.14514418267747,-0.06836876402688376,,,2342067.41,1161499.0,,
2019,2019-04,,,,,,,,,,,0.0,,,1864963.55,CREDEQ,,,4,,ABEVIDA,84.09117533701279,-0.0712691055492351,,,2217787.47,1462921.42,,
2019,2019-05,,,,,,,,,,,0.0,,,2348515.62,CREDEQ,,,5,,ABEVIDA,96.68402790399816,-0.06763635377274382,,,2429062.66,1632570.03,,
2019,2019-06,,,,,,,,,,,0.0,,,2827307.73,CREDEQ,,,6,,ABEVIDA,63.27475595510551,-0.07727416946049426,,,4468302.86,3289271.3,,
2019,2019-07,,,,,,,,,,,0.0,,,3363954.91,CREDEQ,,,7,,ABEVIDA,140.5091735592408,-0.05499379523509676,,,2394117.64,2331391.18,,
2019,2019-08,,,,,,,,,,,0.0,,,2259397.79,CREDEQ,,,8,,ABEVIDA,,,,,0.0,91995.0,,
2019,2019-09,,,,,,,,,,,0.0,,,93116.98,CREDEQ,,,9,,ABEVIDA,,,,,0.0,1030.16,,
2019,2019-10,,,,,,,,,,,0.0,,,5765637.47,CREDEQ,,,10,,ABEVIDA,68.41902814316599,-0.0757901638445685,,,8426950.26,2703124.63,,
2019,2019-11,,,,,,,,,,,0.0,,,2461692.48,CREDEQ,,,11,,ABEVIDA,125.42709286063973,-0.05934463275658646,,,1962648.12,2229219.55,,
2019,2019-12,,,,,,,,,,,0.0,,,2263327.92,CREDEQ,,,12,,ABEVIDA,65716.85510705388,18.862291698145196,,,3444.06,4073.38,,
2020,2020-01,,3191.0,,,584.3471043560013,-0.6503504230970256,25197.99472972973,0.32238502492570326,17265.292685185184,-1.0606678586402332,0.0,,,1864651.61,CREDEQ,74.0,,1,,ABEVIDA,100.35618894923046,-0.06657701876586831,,,1858033.5,10049.64,94.12,108.0
2020,2020-02,,2265.0,,,1549.6651434878586,-0.5078057629958501,79772.53522727272,3.6665606069671375,32499.921759259258,-0.8198469251985132,0.0,,,3509991.55,CREDEQ,44.0,,2,,ABEVIDA,78.66263988282043,-0.07283511465718451,,,4462082.07,974429.9,92.05,108.0
2020,2020-03,,688.0,,,4935.737281976744,-0.007798011671699518,64071.45754716981,2.704442371781999,31442.474537037036,-0.836562489842898,0.0,,,3395787.25,CREDEQ,53.0,,3,,ABEVIDA,84.93555160041349,-0.07102552218680158,,,3998075.23,1594798.21,84.72,108.0
2020,2020-04,,303.0,,,5254.091914191419,0.03921214560401768,43026.7527027027,1.414881572359337,14740.64675925926,-1.10057612194846,0.0,,,1591989.85,CREDEQ,37.0,,4,,ABEVIDA,266.13480990949256,-0.018753654155332276,,,598189.26,619330.5,62.75,108.0
2020,2020-05,,1350.0,,,1484.9816592592592,-0.517357314815826,,,,,0.0,,,2004725.24,CREDEQ,,,5,,ABEVIDA,71.7681936649577,-0.07482400570570888,,,2793333.84,1423039.62,60.4,
2020,2020-06,,1779.0,,,1323.278600337268,-0.5412353598092513,,,,,0.0,,,2354112.63,CREDEQ,,,6,,ABEVIDA,103.9434234844116,-0.06554218312707628,,,2264801.9,1363392.16,56.0,
2020,2020-07,,686.0,,,3467.637274052478,-0.2245864773801626,,,,,0.0,,,2378799.17,CREDEQ,,,7,,ABEVIDA,103.74336755048503,-0.06559989471748073,,,2292965.06,1490288.54,61.0,
2020,2020-08,,1695.0,,,1287.0848554572271,-0.5465799455857213,,,,,0.0,,,2181608.83,CREDEQ,,,8,,ABEVIDA,131.86544544542608,-0.057487314355878866,,,1654420.4,974290.01,71.2,
2020,2020-09,,748.0,,,2784.5144786096257,-0.32546049271643374,,,,,0.0,,,2082816.83,CREDEQ,,,9,,ABEVIDA,94.55587035739502,-0.06825027885976855,,,2202736.67,1108371.6,69.93,
2020,2020-10,,2026.0,,,1040.2138696939783,-0.583034398240633,,,,,0.0,,,2107473.3,CREDEQ,,,10,,ABEVIDA,105.21416558568038,-0.06517560291014046,,,2003031.9,1023211.57,69.4,
2020,2020-11,,1836.0,,,1521.3954357298476,-0.5119802378530167,,,,,0.0,,,2793282.02,CREDEQ,,,11,,ABEVIDA,88.92467737823559,-0.06987475005801301,,,3141177.57,1382513.9,68.49,
2020,2020-12,,1707.0,,,1419.1142179261865,-0.5270836968536059,,,,,0.0,,,2422427.97,CREDEQ,,,12,,ABEVIDA,129.88889640988964,-0.05805750383296301,,,1865000.04,854051.36,71.39,
2021,2021-01,,780.0,,,2153.9186025641025,-0.41857806761739735,,,,,0.0,,,1680056.51,CREDEQ,,,1,,ABEVIDA,120.06544733205075,-0.06089134564116054,,,1399283.93,581821.14,72.16,
2021,2021-02,,2401.0,,,370.4716159933361,-0.6819325624094192,,,,,0.0,,,889502.35,CREDEQ,,,2,,ABEVIDA,296.50078333333335,-0.009993760929110513,,,300000.0,456.96,62.69,
2021,2021-03,,,,,,,,,,,0.0,,,3299069.99,CREDEQ,,,3,,ABEVIDA,51.10041803809029,-0.08078618927176325,,,6456052.84,3166224.99,,
2021,2021-04,,,,,,,,,,,0.0,,,2771807.83,CREDEQ,,,4,,ABEVIDA,138.21868276082498,-0.055654549776033464,,,2005378.56,2400160.06,,
2021,2021-05,,,,,,,,,,,0.0,,,2443699.5,CREDEQ,,,5,,ABEVIDA,122.43203120793464,-0.06020863997668925,,,1995964.19,2086198.97,,
2021,2021-06,,,,,,,,,,,0.0,,,2030303.63,CREDEQ,,,6,,ABEVIDA,117.29847891015481,-0.061689553147892595,,,1730886.58,1798647.92,,
2021,2021-07,,1396.0,,,1278.947335243553,-0.5477815807006808,,,,,0.0,,,1785410.48,CREDEQ,,,7,,ABEVIDA,610.037500993005,0.08045445658274461,,,292672.25,451876.12,56.33,
2021,2021-08,,,,,,,,,,,0.0,,,1519087.04,CREDEQ,,,8,,ABEVIDA,77.86769240956473,-0.07306443893699527,,,1950856.63,895251.45,,
2021,2021-09,,429.0,,,6984.495104895104,0.2947338748764506,,,,,0.0,,,2996348.4,CREDEQ,,,9,,ABEVIDA,222.06532221303777,-0.03146669981887582,,,1349309.46,120915.97,70.19,
2021,2021-10,,,,,,,,,,,0.0,,,2159891.83,CREDEQ,,,10,,ABEVIDA,72.47339562181122,-0.07462057096779565,,,2980254.77,959656.19,,
2021,2021-11,,426.0,,,6371.387417840376,0.20419871100938813,,,,,0.0,,,2714211.04,CREDEQ,,,11,,ABEVIDA,118.28401318531488,-0.061405248907067375,,,2294655.86,678695.18,76.98,
2021,2021-12,,1127.0,,,3171.2201863354035,-0.2683572050615907,,,,,0.0,,,3573965.15,CREDEQ,,,12,,ABEVIDA,100.84404950537402,-0.06643628208269163,,,3544051.6,879757.9,63.11,
2022,2022-01,,1041.0,,,2102.3960518731988,-0.42618619693650284,,,,,0.0,,,2188594.29,CREDEQ,,,1,,ABEVIDA,61.14152844436563,-0.07788955711695084,,,3579554.43,2294883.01,53.1,
2022,2022-02,,,,,,,,,,,0.0,,,2052810.85,CREDEQ,,,2,,ABEVIDA,217.39926573701368,-0.03281275106995809,,,944258.41,1214524.27,,
2022,2022-03,,708.0,,,3004.075381355932,-0.2930388109651778,,,,,0.0,,,2126885.37,CREDEQ,,,3,,ABEVIDA,47.96131398334502,-0.0816917494513022,,,4434585.28,3555073.6,69.53,
2022,2022-04,,,,,,,,,,,0.0,,,2163118.44,CREDEQ,,,4,,ABEVIDA,97.4951825684156,-0.06740235408661258,,,2218692.64,3639457.54,,
2022,2022-05,,,,,,,,,,,0.0,,,2524724.08,CREDEQ,,,5,,ABEVIDA,97.29189455689277,-0.06746099805795033,,,2594999.4,3776493.84,,
2022,2022-06,,,,,,,,,,,0.0,,,2260579.96,CREDEQ,,,6,,ABEVIDA,,,,,0.0,1543812.68,,
2022,2022-07,,1515.0,,,1607.2006732673267,-0.49930972106594784,,,,,0.0,,,2434909.02,CREDEQ,,,7,,ABEVIDA,129.18534824246316,-0.05826046149021108,,,1884818.25,1017775.78,70.25,
2022,2022-08,,,,,,,,,,,0.0,,,2252657.22,CREDEQ,,,8,,ABEVIDA,85.25458797003922,-0.07093348744468432,,,2642270.96,1435728.79,,
2022,2022-09,,,,,,,,,,,0.0,,,2381137.1,CREDEQ,,,9,,ABEVIDA,107.38939267845132,-0.06454809932876349,,,2217292.64,1303265.7,83.4,
2022,2022-10,,980.0,,,1297.5525,-0.5450342303158074,1006.0138053797468,-1.1600320719633799,,,0.0,,,1271601.45,CREDEQ,1264.0,,10,,ABEVIDA,61.988925873340875,-0.07764510221690901,,,2051336.48,2098379.54,97.08,
2022,2022-11,,,,,,,,,,,0.0,,,3932958.94,CREDEQ,,,11,,ABEVIDA,176.58025125966384,-0.04458810908105518,,,2227292.64,573650.72,94.68,
2022,2022-12,,824.0,,,3650.781468446602,-0.19754230553096333,,,,,0.0,,,3008243.93,CREDEQ,,,12,,ABEVIDA,123.63075777536604,-0.05986283460461809,97.2,-0.4916713060599578,2433248.8,17063.35,92.93,
2023,2023-01,,,,,,,,,,,0.0,,,2234800.65,CREDEQ,,,1,,ABEVIDA,101.24623303233594,-0.06632026127531103,,,2207292.64,10485.02,,
2023,2023-02,,,,,,,,,,,0.0,,,2177447.86,CREDEQ,,,2,,ABEVIDA,101.40433676520215,-0.06627465194149373,,,2147292.64,267.89,,
2023,2023-03,,,,,,,,,,,0.0,,,2118143.85,CREDEQ,,,3,,ABEVIDA,93.85047283557601,-0.06845377001372985,,,2256934.66,177632.0,,
2023,2023-05,,,,,,,,,,,0.0,,,2247427.07,CREDEQ,,,5,,ABEVIDA,100.13365637046154,-0.06664121435749855,,,2244427.25,29366.36,,
2023,2023-06,,,,,,,,,,,0.0,,,2216541.91,CREDEQ,,,6,,ABEVIDA,100.20385187444612,-0.06662096454988385,,,2212032.64,38911.94,,
2024,2024-01,,,,,,,,,,,0.0,,,3123254.73,CREDEQ,,,1,,ABEVIDA,115.35216020299437,-0.06225102186226412,,,2707582.35,3334340.51,,
2024,2024-02,,,,,,,,,,,0.0,,,2892760.72,CREDEQ,,,2,,ABEVIDA,105.45232485707814,-0.06510689937282388,,,2743192.93,3235133.8,,
2018,2018-01,,3271.0,,,,,,,,,,,,,CRESM,,,1,,ABEVIDA,,,,,,,,
2018,2018-02,,927.0,,,,,,,,,,,,,CRESM,,,2,,ABEVIDA,,,,,,,,
2018,2018-04,,1377.0,,,,,,,,,,,,,CRESM,,,4,,ABEVIDA,,,,,,,,
2018,2018-05,,1245.0,,,,,,,,,,,,,CRESM,,,5,,ABEVIDA,,,,,,,,
2018,2018-06,,1318.0,,,,,,,,,,,,,CRESM,,,6,,ABEVIDA,,,,,,,,
2018,2018-07,,1318.0,,,,,,,,,,,,,CRESM,,,7,,ABEVIDA,,,,,,,,
2018,2018-08,,1404.0,,,,,,,,,,,,,CRESM,,,8,,ABEVIDA,,,,,,,,
2018,2018-09,,3560.0,,,,,,,,,,,,,CRESM,,,9,,ABEVIDA,,,,,,,,
2018,2018-10,,3813.0,,,,,,,,,,,,,CRESM,,,10,,ABEVIDA,,,,,,,,
2018,2018-11,,3472.0,,,,,,,,,,,,,CRESM,,,11,,ABEVIDA,,,,,,,,
2018,2018-12,,1042.0,,,,,,,,,,,,,CRESM,,,12,,ABEVIDA,,,,,,,,
2020,2020-01,,1102.0,,,,,,,,,,,,,CRESM,,,1,,ABEVIDA,,,,,,,94.12,
2020,2020-02,,828.0,,,,,,,,,,,,,CRESM,,,2,,ABEVIDA,,,,,,,92.05,
2020,2020-03,,688.0,,,,,,,,,,,,,CRESM,,,3,,ABEVIDA,,,,,,,84.72,
2020,2020-04,,303.0,,,,,,,,,,,,,CRESM,,,4,,ABEVIDA,,,,,,,62.75,
2020,2020-05,,602.0,,,,,,,,,,,,,CRESM,,,5,,ABEVIDA,,,,,,,60.4,
2020,2020-06,,635.0,,,,,,,,,,,,,CRESM,,,6,,ABEVIDA,,,,,,,56.0,
2020,2020-07,,686.0,,,,,,,,,,,,,CRESM,,,7,,ABEVIDA,,,,,,,61.0,
2020,2020-08,,620.0,,,,,,,,,,,,,CRESM,,,8,,ABEVIDA,,,,,,,71.2,
2020,2020-09,,748.0,,,,,,,,,,,,,CRESM,,,9,,ABEVIDA,,,,,,,69.93,
2020,2020-10,,724.0,,,,,,,,,,,,,CRESM,,,10,,ABEVIDA,,,,,,,69.4,
2020,2020-11,,748.0,,,,,,,,,,,,,CRESM,,,11,,ABEVIDA,,,,,,,68.49,
2020,2020-12,,705.0,,,,,,,,,,,,,CRESM,,,12,,ABEVIDA,,,,,,,71.39,
2021,2021-03,,606.0,,,,,,,,,,,,,CRESM,,,3,,ABEVIDA,,,,,,,49.55,
2021,2021-04,,507.0,,,,,,,,,,,,,CRESM,,,4,,ABEVIDA,,,,,,,99.13,
2021,2021-05,,405.0,,,,,,,,,,,,,CRESM,,,5,,ABEVIDA,,,,,,,58.98,
2021,2021-06,,445.0,,,,,,,,,,,,,CRESM,,,6,,ABEVIDA,,,,,,,62.72,
2021,2021-08,,496.0,,,,,,,,,,,,,CRESM,,,8,,ABEVIDA,,,,,,,62.46,
2021,2021-10,,457.0,,,,,,,,,,,,,CRESM,,,10,,ABEVIDA,,,,,,,73.69,
2022,2022-02,,557.0,,,,,,,,,,,,,CRESM,,,2,,ABEVIDA,,,,,,,63.03,
2022,2022-04,,600.0,,,,,,,,,,,,,CRESM,,,4,,ABEVIDA,,,,,,,69.51,
2022,2022-05,,722.0,,,,,,,,,,,,,CRESM,,,5,,ABEVIDA,,,,,,,69.05,
2022,2022-06,,1583.0,,,,,,,,,,,,,CRESM,,,6,,ABEVIDA,,,,,,,66.57,
2022,2022-08,,616.0,,,,,,,,,,,,,CRESM,,,8,,ABEVIDA,,,,,,,85.79,
2023,2023-01,,475.0,,,,,,,,,,,,,CRESM,,,1,,ABEVIDA,,,,,,,95.31,
2023,2023-02,,1235.0,,,,,,,,,,,,,CRESM,,,2,,ABEVIDA,,,,,,,92.0,
2023,2023-03,,503.0,,,,,,,,,,,,,CRESM,,,3,,ABEVIDA,,,,,,,95.0,
2023,2023-04,,,,,,,,,,,0.0,,,2281189.0,CRESM,,,4,,ABEVIDA,101.07465849277177,-0.06636975663071894,112.13363636363637,0.47125837250991953,2256934.66,18880.7,92.3,
2023,2023-05,,539.0,,,,,,,,,,,,,CRESM,,,5,,ABEVIDA,,,,,,,96.39,
2023,2023-06,,,,,,,,,,,,,,,CRESM,,,6,,ABEVIDA,,,100.0,-0.31112565499797334,,,95.0,
2023,2023-07,,,,,,,,,,,0.0,,,2930329.35,CRESM,,,7,,ABEVIDA,36.25990838042109,-0.08506733903796271,,,8081458.23,5353980.48,87.66,
2023,2023-08,,1943.0,,,1216.3257848687597,-0.5570286549822422,,,,,0.0,,,2363321.0,CRESM,,,8,,ABEVIDA,83.93597368398154,-0.07131387769897357,,,2815623.5,6010213.7,94.0,
2023,2023-09,,,,,,,,,,,0.0,,,2553015.85,CRESM,,,9,,ABEVIDA,84.2778078116242,-0.07121526632177737,,,3029286.02,6573470.15,96.35,
2023,2023-10,,2254.0,,,1700.2207985803018,-0.48557381061178134,,,,,0.0,,,3832297.68,CRESM,,,10,,ABEVIDA,137.89813883674202,-0.05574701941335048,,,2779078.61,5656118.12,97.13,
2023,2023-11,,1865.0,,,1968.1561340482574,-0.4460088695507791,,,,,0.0,,,3670611.19,CRESM,,,11,,ABEVIDA,132.46207540352327,-0.05731520017216581,,,2771065.74,4815604.62,94.78,
2023,2023-12,,2262.0,,,1777.5181476569408,-0.47415961973976517,,,,,0.0,,,4020746.05,CRESM,,,12,,ABEVIDA,140.0165864492053,-0.05513589542165413,,,2871621.25,3710712.7,97.9,
2024,2024-01,,1009.0,,,,,,,,,,,,,CRESM,,,1,,ABEVIDA,,,,,,,97.22,
2024,2024-02,,2367.0,,,,,,,,,,,,,CRESM,,,2,,ABEVIDA,,,,,,,96.23,
2024,2024-03,,1189.0,,,2447.8920605550884,-0.37516818097964405,,,,,1175.0,,,2910543.66,CRESM,,,3,,ABEVIDA,103.67648690841726,-0.06561918826276701,,,2807332.45,3175286.9,98.42,
2024,2024-04,,3237.0,,,862.686280506642,-0.6092491884273451,,,,,0.0,,,2792515.49,CRESM,,,4,,ABEVIDA,95.50913314144536,-0.06797528421071652,,,2923820.37,3359557.01,96.79,
2024,2024-05,,,,,,,,,,,0.0,,,2978898.27,CRESM,,,5,,ABEVIDA,105.8636837092797,-0.06498823169263293,64.7,-2.587290470172279,2813900.07,3239363.38,96.39,
2024,2024-06,,3117.0,,,968.8268078280398,-0.5935758406013841,,,,,0.0,,,3019833.16,CRESM,,,6,,ABEVIDA,112.68601855946481,-0.0630201431348582,,,2679864.99,2954700.98,97.8,
2024,2024-07,,,,,,,,,,,0.0,,,3044218.46,CRESM,,,7,,ABEVIDA,116.39154582084316,-0.06195118273291555,,,2615497.92,2624412.45,97.31,
2024,2024-08,,3066.0,,,973.5785909980431,-0.5928741637556352,,,,,0.0,,,2984991.96,CRESM,,,8,,ABEVIDA,63.311963618035264,-0.07726343589533195,,,4714736.03,4406294.75,97.16,
2024,2024-09,,1005.0,,,2766.9898507462685,-0.3280482845331374,,,,,0.0,,,2780824.8,CRESM,,,9,,ABEVIDA,92.58670757066179,-0.06881833757193515,,,3003481.68,4673744.55,95.86,
2024,2024-10,,,,,,,,,,,0.0,,,2904561.97,CRESM,,,10,,ABEVIDA,98.2047752171423,-0.06719765273387815,,,2957658.59,4774686.0,,
2024,2024-11,,1036.0,,,3825.0678185328184,-0.17180613617929885,,,,,0.0,,,3962770.26,CRESM,,,11,,ABEVIDA,133.03790357816564,-0.05714908683023168,,,2978677.62,3834719.4,93.73,
2024,2024-12,,2746.0,,,1553.489115076475,-0.5072410923813591,,,,,0.0,,,4265881.11,CRESM,,,12,,ABEVIDA,139.54384664929876,-0.05527227011029545,,,3057018.43,2663840.91,92.53,
2025,2025-01,,3310.0,,,891.2898821752265,-0.6050254087897196,,,,,0.0,,,2950169.51,CRESM,,,1,,ABEVIDA,100.17763768413761,-0.06662852674803602,,,2944938.19,2687989.16,98.11,
2025,2025-02,,2931.0,,,1031.8975946775845,-0.5842624293635009,,,,,0.0,,,3024491.85,CRESM,,,2,,ABEVIDA,52.48026167705887,-0.0803881357406765,,,5763103.6,5471608.07,95.07,
2025,2025-03,,1026.0,,,2789.704444444444,-0.32469411118633595,,,,,0.0,,,2862236.76,CRESM,,,3,,ABEVIDA,1663.170690592805,0.3842594479498798,,,172095.19,2941191.68,95.43,
2025,2025-04,,1195.0,,,2524.78410041841,-0.3638138405006653,,,,,0.0,,,3017117.0,CRESM,,,4,,ABEVIDA,99.54902871251865,-0.0668098661503851,,,3030784.97,2998742.45,95.74,
2025,2025-05,,1257.0,,,2562.8993317422432,-0.35818551649397873,,,,,0.0,,,3221564.46,CRESM,,,5,,ABEVIDA,107.30655087805911,-0.06457199730548811,,,3002206.7,2825330.35,98.24,
2025,2025-06,,1170.0,,,2583.1242393162393,-0.3551989851552443,,,,,0.0,,,3022255.36,CRESM,,,6,,ABEVIDA,100.43772926331206,-0.06655349623836632,,,3009083.72,2854005.24,96.36,
2025,2025-07,,3444.0,,,871.9674099883855,-0.6078786810984653,,,,,10000.0,,,3003055.76,CRESM,,,7,,ABEVIDA,103.55800133195945,-0.06565336865883503,,,2899878.06,2853271.85,96.15,
2025,2025-08,,3156.0,,,938.749686311787,-0.5980172090308106,,,,,0.0,,,2962694.01,CRESM,,,8,,ABEVIDA,96.99593040239981,-0.06754637699034813,,,3054451.87,2987685.46,95.94,
2025,2025-09,,1382.0,,,2178.1644862518087,-0.4149977747926358,,,,,0.0,,,3010223.32,CRESM,,,9,,ABEVIDA,100.25536544311318,-0.06660610405603679,,,3002555.83,3024200.1,97.38,
2025,2025-10,,1532.0,,,2150.132682767624,-0.419137119275693,,,,,0.0,,,3294003.27,CRESM,,,10,,ABEVIDA,94.65847415915448,-0.06822067999476684,,,3479882.07,3261874.31,96.48,
2025,2025-11,,,,,,,,,,,0.0,,,3722020.57,CRESM,,,11,,ABEVIDA,106.780764256805,-0.06472367479652964,,,3485665.79,3079548.0,97.44,
2025,2025-12,,1096.0,,,3766.5382025547447,-0.18044897084853392,,,,,0.0,,,4128125.87,CRESM,,,12,,ABEVIDA,117.95442579970492,-0.06150032737751041,,,3499763.44,2501427.68,96.5,
2026,2026-01,,,,,,,,,,,0.0,,,3183206.77,CRESM,,,1,,ABEVIDA,93.65463345663323,-0.0685102652238482,,,3398878.04,2759113.19,,
2026,2026-02,,1259.0,,,2558.4257188244637,-0.3588461170493797,,,,,0.0,,,3221057.98,CRESM,,,2,,ABEVIDA,94.76827182654662,-0.06818900586302015,,,3398878.04,2978258.87,96.79,
2026,2026-03,,3801.0,,,882.8244356748224,-0.6062754674699551,,,,,0.0,,,3355615.68,CRESM,,,3,,ABEVIDA,98.53542266997248,-0.0671022684581335,,,3405491.74,3113206.05,97.61,
2026,2026-04,,,,,,,,,,,0.0,,,3067625.47,CRESM,,,4,,ABEVIDA,88.90778152288765,-0.06987962412830041,,,3450345.31,3543592.36,,
2023,2023-01,,2235.0,,,3290.2334899328857,-0.2507829857669031,,,,,0.0,,,7353671.85,HDT,,,1,,ISG,87.04755583603254,-0.0704162569628906,103.44,-0.08931242655039238,8447878.61,4482398.17,83.0,
2023,2023-02,,3329.0,,,2320.5979423250224,-0.39396519510392386,,,,,0.0,,15647.0,7725270.55,HDT,,,2,,ISG,114.48051544735527,-0.06250247156499618,104.33333333333333,-0.03170976644966411,6748109.51,3518408.88,88.0,
2023,2023-03,,4241.0,,,1751.8045673190286,-0.47795664146801164,,,,,0.0,,19690.0,7429403.17,HDT,,,3,,ISG,87.94400953164265,-0.07015765044479258,118.44444444444444,0.8781829988230364,8447878.61,4672127.56,88.0,
2023,2023-04,,3189.0,,,2245.380391972405,-0.40507227040347943,,,,,0.0,,16566.0,7160518.07,HDT,,,4,,ISG,84.75882192284278,-0.0710765046823671,105.25925925925925,0.02799448324014548,8448109.48,6044313.76,91.0,
2023,2023-05,,3424.0,,,2323.868206775701,-0.39348228821141185,,,,,0.0,,23468.0,7956924.74,HDT,,,5,,ISG,87.65807384716263,-0.07024013639150177,117.96296296296296,0.8471367889843353,9077229.73,7433911.91,90.0,
2023,2023-06,,3402.0,,,2937.290534979424,-0.30290066254231196,,,,,0.0,,19489.0,9992662.4,HDT,,,6,,ISG,150.8505945223838,-0.052010530309579146,112.96296296296296,0.5247338406593628,6624211.48,4159558.7,91.0,
2023,2023-07,,2191.0,,,3465.5542628936555,-0.22489406732004225,34513.76995454545,0.8932297402562495,,,0.0,,17539.0,7593029.39,HDT,220.0,,7,,ISG,79.03268586572145,-0.07272836480089766,119.87096774193549,0.9701660622161113,9607454.57,6253756.5,88.0,
2023,2023-08,,3713.0,,,2133.764742795583,-0.42155410761040735,29672.915692883897,0.5965956967905308,,,0.0,,21126.0,7922668.49,HDT,267.0,,8,,ISG,120.4154054215971,-0.06079039068558281,143.2,2.4744358185297886,6579447.59,4992229.85,89.0,
2023,2023-09,,3641.0,,,2227.9512881076625,-0.407645956572757,32318.60812749004,0.7587163478622507,,,0.0,,4970.0,8111970.64,HDT,251.0,,9,,ISG,112.36482277282833,-0.06311280081970747,122.25,1.1235674650481544,7219315.12,4206218.67,86.0,
2023,2023-10,8.0,2793.0,975397.42125,9.400793478474254,2793.834360902256,-0.3240842629147192,31849.711714285713,0.7299836838535576,,,0.0,,3234.0,7803179.37,HDT,245.0,,10,,ISG,106.7704220071038,-0.06472665830052725,116.09375,0.7266088349230321,7308371.76,3782388.58,86.0,
2023,2023-11,,3963.0,,,2084.5695457986376,-0.4288185659031857,33581.90695121951,0.8361277752535262,,,0.0,,2673.0,8261149.11,HDT,246.0,,11,,ISG,121.14258044577073,-0.060580617217114476,109.73333333333333,0.3164854177413066,6819360.36,2453270.15,90.0,
2023,2023-12,,3764.0,,,2308.4138390010626,-0.3957643729878401,31827.3615018315,0.7286141251900965,,,0.0,,2395.0,8688869.69,HDT,273.0,,12,,ISG,118.75687692961547,-0.061268838463285166,113.625,0.5674223791875769,7316519.19,1192912.62,93.0,
2024,2024-01,,3705.0,,,1880.8096518218622,-0.45890697578651496,24450.52547368421,0.2765821943089867,,,0.0,,2379.0,6968399.76,HDT,285.0,,1,,ISG,109.381443145885,-0.06397343804086734,111.21875,0.4122659603061838,6370733.06,647796.3,92.0,
2024,2024-02,,,,,,,,,,,0.0,,,7118524.1,HDT,,,2,,ISG,101.21677407300977,-0.06632875951558316,,,7032949.0,605178.33,,
2024,2024-03,,,,,,,,,,,0.0,,,7439174.3,HDT,,,3,,ISG,99.74698915558551,-0.0667527590614709,,,7458043.96,659852.79,,
2024,2024-04,,4833.0,,,2149.4545892820192,-0.41923725063292866,32362.34900311526,0.7613966666861822,,,0.0,,2881.0,10388314.03,HDT,321.0,,4,,ISG,77.62188804601905,-0.07313534790965177,135.75,1.9940554255255805,13383227.71,3659893.43,101.0,
2024,2024-05,,2913.0,,,3321.675458290422,-0.24614007585457243,27488.751732954544,0.46275622301063685,,,0.0,,2616.0,9676040.61,HDT,352.0,,5,,ISG,87.71779771570051,-0.07022290741273181,122.0625,1.111477354485968,11030874.99,5020935.57,98.9,
2024,2024-06,,3076.0,,,3036.535451885566,-0.28824556197061013,31449.10117845118,0.7054353878966416,,,0.0,,2477.0,9340383.05,HDT,297.0,,6,,ISG,164.7274438636347,-0.0480073746442223,121.59375,1.081252078080502,5670204.57,1754275.83,96.0,
2024,2024-07,,,,,,,,,,,0.0,,,7137489.47,HDT,,,7,,ISG,70.94110826763158,-0.07506260104623749,,,10061147.4,4911338.95,,
2024,2024-08,,,,,,,,,,,0.0,,,11203167.72,HDT,,,8,,ISG,145.1576031916729,-0.05365282892779766,,,7717933.8,2174098.11,,
2024,2024-09,,3026.0,,,2087.881953073364,-0.42832943594813255,24299.733807692308,0.26734210171657774,,,0.0,,2661.0,6317930.79,HDT,260.0,,9,,ISG,81.87450216844817,-0.07190856538156214,121.78125,1.0933421886426884,7716603.61,3804413.4,93.0,
2024,2024-10,,2997.0,,,3486.873149816483,-0.2217459924193776,35544.757925170066,0.9564058067024068,,,0.0,,2717.0,10450158.83,HDT,294.0,,10,,ISG,132.69622324340213,-0.05724765384167739,125.63333333333334,1.3417267934147197,7875249.63,1623462.19,96.0,
2024,2024-11,,,,,,,,,,,0.0,,,6580826.02,HDT,,,11,,ISG,83.71761727830955,-0.07137686855957436,,,7860742.14,3142184.72,,
2024,2024-12,,2442.0,,,3843.624361179361,-0.16906596562723575,35962.18655172414,0.9819846683371661,,,0.0,,,9386130.69,HDT,261.0,,12,,ISG,120.07900410414238,-0.060887434820507534,114.53571428571429,0.6261457733467687,7816629.36,1851135.55,90.0,
2025,2025-01,36.0,2585.0,192047.03027777778,1.32568144983543,2674.542781431335,-0.3416995740964178,23758.395498281785,0.23417040041685236,,,0.0,,500.0,6913693.09,HDT,291.0,,1,,ISG,90.17893847806327,-0.06951292423544056,116.0,0.7205637796419389,7666638.36,2826775.59,89.0,
2025,2025-02,,,,,,,,,,,0.0,,,9918951.07,HDT,,,2,,ISG,66.16912436377429,-0.07643920995290995,,,14990301.24,8131742.08,,
2025,2025-03,,,,,,,,,,,0.0,,,7352963.37,HDT,,,3,,ISG,91.45896163147093,-0.06914366664588675,,,8039631.37,9057801.37,,
2025,2025-04,,,,,,,,,,,0.0,,,8340798.16,HDT,,,4,,ISG,1197.0721956771429,0.24980062486607038,,,696766.51,1623431.27,,
2025,2025-05,,,,,,,,,,,0.0,,,8281577.86,HDT,,,5,,ISG,102.79661498193147,-0.0658730113173151,,,8056274.87,1615884.11,,
2025,2025-06,,3163.0,,,2166.054871957003,-0.41678595317906875,27187.426825396822,0.4442918733536609,,,0.0,,,6851231.56,HDT,252.0,,6,,ISG,113.35356617003549,-0.06282757082010317,122.79310344827586,1.1585870956420736,6044125.29,1008855.03,90.0,
2025,2025-07,,2510.0,,,3633.8471513944223,-0.20004292850742755,,,,,0.0,,3054.0,9120956.35,HDT,,,7,,ISG,69.92962240993451,-0.07535439172884091,99.96666666666667,-0.31327500798680635,13043051.05,5076715.23,82.0,
2025,2025-08,,3362.0,,,2660.5713355145745,-0.343762681723742,,,,,0.0,,4225.0,8944840.83,HDT,,,8,,ISG,97.23582840850553,-0.06747717186758333,110.35483870967742,0.3565604508879378,9199120.3,5599500.71,82.0,
2025,2025-09,,4066.0,,,2184.796947860305,-0.41401838567185706,,,,,0.0,,4261.0,8883384.39,HDT,,,9,,ISG,100.96248797484012,-0.06640211527592016,112.35483870967742,0.4855216302179268,8798697.98,5657672.26,89.0,
2025,2025-10,,3126.0,,,2416.677683941139,-0.3797774833280255,29168.086640926642,0.5656611809289344,,,0.0,,1836.0,7554534.44,HDT,259.0,,10,,ISG,79.9718491905418,-0.0724574375254048,101.70967741935483,-0.20088464686104762,9446492.13,7585289.74,88.0,
2025,2025-11,,2710.0,,,3278.782472324723,-0.2524739118105478,,,,,0.0,,1841.0,8885500.5,HDT,,,11,,ISG,103.61625816628248,-0.06563656288609576,92.0,-0.8269703723179295,8575392.18,7431684.32,88.0,
2025,2025-12,,2413.0,,,4061.945449647741,-0.13682736229953707,,,,,0.0,,2453.0,9801474.37,HDT,,,12,,ISG,107.66177630446761,-0.06446952284293278,104.96774193548387,0.009197274305547821,9103950.08,6865507.44,82.0,
2026,2026-01,,2420.0,,,3412.815661157025,-0.23268176604109808,27714.811744966446,0.4766085498530448,,,0.0,,2935.0,8259013.9,HDT,298.0,,1,,ISG,94.8923351871845,-0.06815321640297864,104.53333333333333,-0.01881364851666503,8703562.71,7455628.62,89.0,
2026,2026-02,,2768.0,,,2949.513533236994,-0.30109574119886595,30808.50362264151,0.6661813569048357,,,0.0,,2732.0,8164253.46,HDT,265.0,,2,,ISG,89.93683114174745,-0.06958276669976105,98.8,-0.38850236259596693,9077764.2,8496495.23,91.0,
2026,2026-03,,3693.0,,,2199.0816761440565,-0.411909016888408,26029.514839743588,0.37333825737683024,,,0.0,,3325.0,8121208.63,HDT,312.0,,3,,ISG,90.96919407439675,-0.06928495345549282,108.03448275862068,0.20694253093112006,8927427.26,9496878.04,90.0,
2026,2026-04,,,,,,,,,,,,,,,HDT,,,4,,ISG,,,,,,,,
2022,2022-05,,,,,,,,,,,,,,,HEANA,,,5,,FUNEV,,,,,,,,
2022,2022-10,,931.0,,,7823.416960257788,0.41861411524952685,12755.86898423818,-0.44003372798409335,,,0.0,1935.0,31544.0,7283601.19,HEANA,571.0,51.0,10,51.0,FUNEV,84.35240989940897,-0.07119374531488172,83.33333333333333,-1.3858021494145487,8634728.04,6738229.78,81.0,
2022,2022-11,112.0,1062.0,81348.68223214286,0.18455536863908883,8579.145395480225,0.5302095154809949,14147.596909937889,-0.3547525235334635,,,0.0,2044.0,33910.0,9111052.41,HEANA,644.0,51.0,11,56.0,FUNEV,95.36741299233277,-0.06801616725295931,,,9553632.76,6922584.71,92.0,
2022,2022-12,118.0,1084.0,77920.83813559322,0.14921968052895404,8482.157656826568,0.5158877234084045,14926.39431818182,-0.307029991153667,,,0.0,2008.0,33593.0,9194658.9,HEANA,616.0,51.0,12,52.0,FUNEV,88.50671523915709,-0.06999532263639958,,,10388656.81,8217128.72,92.0,
2023,2023-01,106.0,1085.0,81062.4612264151,0.18160487967165131,7919.466258064516,0.432797331509662,14321.034816666668,-0.34412473249033276,,,0.0,2263.0,37539.0,8592620.89,HEANA,600.0,,1,62.0,FUNEV,90.91092366407018,-0.06930176314460056,,,9451692.43,8149265.08,93.0,
2023,2023-02,89.0,1019.0,84379.92280898876,0.21580269745372957,7369.787173699706,0.3516284161167896,14359.107323135755,-0.341791755513884,,,0.0,2160.0,32696.0,7509813.13,HEANA,523.0,51.0,2,40.0,FUNEV,80.0475307204246,-0.07243560512399559,,,9381692.43,9127430.73,93.0,
2023,2023-03,115.0,1170.0,75759.11904347826,0.1269357523603464,7446.409136752136,0.3629428754315829,14741.62214890017,-0.31835231418413473,,,0.0,2482.0,37145.0,8712298.69,HEANA,591.0,,3,43.0,FUNEV,92.17712864149982,-0.06893649178478024,100.0,-0.31112565499797334,9451692.43,9999928.95,94.0,
2023,2023-04,82.0,855.0,92020.01036585365,0.29455999896439056,8825.310935672514,0.5665597978054497,12703.099074074073,-0.4432673208541107,,,0.0,2575.0,36221.0,7545640.85,HEANA,594.0,42.0,4,42.0,FUNEV,79.83375364659427,-0.07249727495143138,,,9451692.43,11013506.88,96.0,
2023,2023-05,83.0,1007.0,99430.87554216868,0.37095437779863066,8195.394905660378,0.47354261305345435,13397.341996753246,-0.4007260514478516,,,0.0,2517.0,37987.0,8252762.67,HEANA,616.0,51.0,5,58.0,FUNEV,84.46476449897058,-0.07116133356631377,,,9770657.29,11678103.12,98.0,
2023,2023-06,107.0,2034.0,87172.00214953271,0.24458464960129656,4585.744459193707,-0.05948005421005952,15315.934696223318,-0.28316004358124147,,,0.0,2330.0,35986.0,9327404.23,HEANA,609.0,51.0,6,61.0,FUNEV,96.2352466473153,-0.06776581696615441,,,9692295.24,11298941.95,98.0,
2023,2023-07,99.0,1012.0,89585.98444444446,0.2694690151307117,8763.846304347828,0.5574835611401731,14374.412414910861,-0.3408539021901805,,,0.0,2266.0,36199.0,8869012.46,HEANA,617.0,,7,,FUNEV,91.64441634501837,-0.0690901671757298,,,9677635.38,11363518.37,98.0,
2023,2023-08,116.0,1426.0,77544.50284482758,0.14534025483607704,6307.967973352033,0.19483381489025398,13733.072259541985,-0.3801534376111671,,,0.0,2308.0,36600.0,8995162.33,HEANA,655.0,51.0,8,55.0,FUNEV,98.0164208790086,-0.06725198867983045,,,9177199.34,10807899.34,98.0,
2023,2023-09,119.0,2451.0,74077.10285714286,0.10959680762351556,3596.562725418197,-0.20554857080603017,14570.53758677686,-0.32883589883553055,,,0.0,2033.0,34304.0,8815175.24,HEANA,605.0,,9,47.0,FUNEV,77.18851507884574,-0.07326036616171244,,,11420319.76,12846228.392,99.0,
2023,2023-10,148.0,2816.0,69377.37858108108,0.06115003275714786,3646.2542720170454,-0.19821081854957714,15099.782397058823,-0.2964052534222764,,,0.0,2295.0,37791.0,10267852.03,HEANA,680.0,,10,41.0,FUNEV,98.52220133514416,-0.0671060825127593,,,10421866.23,12250914.58,99.0,
2023,2023-11,129.0,1479.0,93480.67333333332,0.30961713972083227,8153.486720757268,0.46735419873785383,17451.52946454414,-0.15229675435802836,,,0.0,2184.0,35341.0,12059006.86,HEANA,691.0,51.0,11,40.0,FUNEV,201.21053823968563,-0.037482831042881186,,,5993228.27,6291004.25,99.0,
2023,2023-12,150.0,1454.0,75554.00346666666,0.124821332963023,7794.429518569464,0.414333655488948,16401.013777134587,-0.2166694248076249,222217.65725490195,2.17911037992293,0.0,2253.0,36206.0,11333100.52,HEANA,691.0,,12,49.0,FUNEV,81.82490400559315,-0.07192287332436254,,,13850429.35,8915589.71,99.0,51.0
2024,2024-01,,3172.0,,,3274.6633039092058,-0.25308217296167834,15643.421686746988,-0.2630925544707322,203671.21568627452,1.8859380716991654,0.0,2348.0,39138.0,10387232.0,HEANA,664.0,,1,51.0,FUNEV,108.88428383751774,-0.06411685720273423,,,9539698.14,8155278.7,99.0,51.0
2024,2024-02,151.0,1606.0,66143.25430463576,0.02781129169336442,6218.948567870486,0.18168867475779799,14207.15704125178,-0.3511028448556913,,,17046.65,2365.0,39525.0,9987631.4,HEANA,703.0,,2,,FUNEV,105.48256842246558,-0.06509817479153426,100.0,-0.31112565499797334,9468513.66,7868675.45,100.0,
2024,2024-03,152.0,1375.0,64543.51065789473,0.01132044760441942,7134.991723636363,0.31695710959828566,13531.880855172412,-0.39248188555915553,,,0.0,2661.0,43772.0,9810613.62,HEANA,725.0,,3,,FUNEV,90.98588829621261,-0.06928013755189702,,,10782566.18,8926721.42,100.0,
2024,2024-04,135.0,1955.0,73685.64177777778,0.10556145881006616,5088.266823529412,0.014725416643767081,14251.520974212035,-0.348384346816561,65016.74274509805,-0.305838271342073,0.0,2893.0,44365.0,9947561.64,HEANA,698.0,,4,,FUNEV,81.81785196169218,-0.07192490767876103,,,12158179.91,11235548.82,98.56,153.0
2024,2024-05,136.0,1843.0,78500.55875,0.1551956894268829,5792.770477482366,0.11875665797752882,14931.574811188812,-0.3067125449954589,,,0.0,2997.0,46761.0,10676075.99,HEANA,715.0,,5,,FUNEV,103.15195970709843,-0.06577050243977918,,,10349852.8,9413427.78,99.68,
2024,2024-06,130.0,1843.0,75551.25184615384,0.12479296807783574,5329.171318502442,0.050298821429259975,14152.251786743516,-0.35446728566963775,,,0.0,2482.0,43270.0,9821662.74,HEANA,694.0,,6,,FUNEV,104.29295136286021,-0.06544135227762314,98.38,-0.41558421025526476,9417379.23,11739843.66,99.3,
2024,2024-07,145.0,1466.0,73035.08103448276,0.09885519946037483,7223.797237380628,0.3300706651920162,13507.763711734693,-0.39395971682365594,2022.9392072588348,-1.3016108953597512,0.0,2853.0,46711.0,10590086.75,HEANA,784.0,,7,,FUNEV,88.1214476514439,-0.07010646357974382,100.0,-0.31112565499797334,12017604.15,12889916.99,99.5,5235.0
2024,2024-08,143.0,1941.0,74909.6716853147,0.11817928442638793,5518.847527563113,0.07830754980042808,13159.807187960689,-0.4152815218229932,,,0.0,2782.0,46387.0,10712083.051,HEANA,814.0,,8,,FUNEV,101.24198426679251,-0.06632148694761154,,,10580672.76,12880467.93,99.56,
2024,2024-09,139.0,1542.0,90295.27302158273,0.2767806661964842,8139.457166018158,0.46528251041277524,16321.252210663199,-0.22155699107107335,72549.38121387282,-0.18676631898214321,0.0,2553.0,44242.0,12551042.95,HEANA,769.0,,9,,FUNEV,125.07967623351703,-0.05944485455801304,,,10034438.31,11203590.72,99.4,173.0
2024,2024-10,147.0,1474.0,86400.77122448978,0.23663447022889203,8616.630508819539,0.5357447924811138,16304.124993581514,-0.22260649914994526,,,0.0,2359.0,44667.0,12700913.37,HEANA,779.0,,10,,FUNEV,125.16432926624933,-0.05942043408192092,,,10147390.59,8753238.52,99.59,
2024,2024-11,129.0,1468.0,98490.44085271317,0.3612599734037516,8654.81394414169,0.5413831878998777,16143.922325285896,-0.23242327170740198,,,0.0,2236.0,45484.0,12705266.87,HEANA,787.0,,11,,FUNEV,110.94204656094398,-0.0635232394223814,,,11452165.58,7580648.48,99.69,
2024,2024-12,100.0,1129.0,123502.5204,0.6190952240671154,10939.107209920283,0.8786956527478866,16555.29764075067,-0.20721534008782524,,,2586.83,2395.0,46941.0,12350252.04,HEANA,746.0,,12,,FUNEV,116.85070320992776,-0.06181872626111828,,,10569257.78,8360209.28,99.54,
2025,2025-01,106.0,1660.0,110624.82669811322,0.4863464305365842,7063.994957831326,0.3064733006983058,15033.630294871797,-0.30045886968395663,,,0.0,2416.0,47787.0,11726231.63,HEANA,780.0,,1,,FUNEV,118.42541206280728,-0.06136445854438568,,,9901786.64,6610658.63,99.26,
2025,2025-02,100.0,1694.0,107078.82539999999,0.4497927272819976,6321.064073199527,0.19676766365898818,15340.805931232091,-0.2816360036891365,,,17010.0,2088.0,43088.0,10707882.54,HEANA,698.0,,2,,FUNEV,54.29150579038114,-0.07986563297688008,100.0,-0.31112565499797334,19722942.63,14537372.67,99.69,
2025,2025-03,103.0,1684.0,109417.98223300971,0.473905759836518,6692.4300296912115,0.25160579150425494,15026.736226666666,-0.3008813189495361,,,0.0,2254.0,45405.0,11270052.17,HEANA,750.0,,3,,FUNEV,109.92778353538543,-0.06381583125479807,,,10252232.7,13025923.67,99.45,
2025,2025-04,102.0,1677.0,106034.45774509803,0.439026937273323,6449.323011329755,0.21570714888517661,14876.911540577716,-0.31006215771130724,,,0.0,2146.0,47818.0,10815514.69,HEANA,727.0,,4,,FUNEV,584.3373096058689,0.07304053543809845,,,1850902.64,4312661.61,99.46,
2025,2025-05,114.0,1757.0,95627.91500000001,0.33175182837449435,6204.6569778030735,0.1795782927221564,13887.366,-0.3706987476660495,,,6140.0,2173.0,48240.0,10901582.31,HEANA,785.0,,5,,FUNEV,116.7326256970721,-0.061852788940110856,,,9338933.52,3593965.38,99.5,
2025,2025-06,105.0,1717.0,97646.31152380953,0.35255832599779746,5971.381892836343,0.14513149244630097,12736.47541614907,-0.44122211172971887,,,0.0,2203.0,49113.0,10252862.71,HEANA,805.0,,6,,FUNEV,102.20469972908803,-0.0660437654157103,,,10031693.98,3885465.93,99.69,
2025,2025-07,128.0,1415.0,87401.067578125,0.2469459543495781,7906.244982332156,0.4308449985178657,14072.121572327045,-0.3593774416506555,,,0.0,2179.0,51012.0,11187336.65,HEANA,795.0,,7,,FUNEV,110.99663240477595,-0.06350749264697075,,,10078987.45,3047338.75,99.77,
2025,2025-08,142.0,1752.0,75984.37570422536,0.12925779469503182,6158.550998858447,0.1727700069232043,13386.825496277916,-0.4013704732565833,,,0.0,2254.0,49162.0,10789781.35,HEANA,806.0,,8,,FUNEV,104.59952327922409,-0.06535291324700088,,,10315325.55,3324767.61,99.59,
2025,2025-09,498.0,1650.0,23237.864759036147,-0.414475877887421,7013.610090909091,0.29903316859828616,15368.468326693228,-0.2799409292716786,,,0.0,2267.0,47789.0,11572456.65,HEANA,753.0,,9,,FUNEV,115.40297844391034,-0.062236361954671006,,,10027866.53,2325008.52,99.62,
2025,2025-10,539.0,1731.0,24072.597495361784,-0.40587109459059273,7495.742374350087,0.3702277176286838,15446.583392857145,-0.2751542559534363,,,0.0,2160.0,58273.0,12975130.05,HEANA,840.0,,10,,FUNEV,91.36729675051936,-0.06917010988083667,,,14201065.93,3873709.74,97.96,
2025,2025-11,520.0,1394.0,25220.172694230772,-0.394041396924069,9407.811908895266,0.652575390460607,17603.3420147651,-0.14299410482826755,,,0.0,1949.0,52977.0,13114489.801,HEANA,745.0,,11,,FUNEV,100.45965285757524,-0.06654717177966381,,,13054484.49,4669637.04,96.67,
2025,2025-12,545.0,1351.0,28675.99794495413,-0.3584172670677535,11568.037660991859,0.9715673009933733,20296.647896103896,0.02204416542060941,,,0.0,2085.0,51797.0,15628418.88,HEANA,770.0,,12,,FUNEV,118.56324381396676,-0.06132469721658341,,,13181504.13,3035965.34,97.51,
2026,2026-01,539.0,1483.0,24450.12009276438,-0.4019794296313334,8886.456325016858,0.5755888932822958,16702.933751584285,-0.1981686111117091,,,0.0,2189.0,54547.0,13178614.73,HEANA,789.0,,1,,FUNEV,108.8233709003682,-0.06413442920077551,,,12110096.04,2355285.09,97.41,
2026,2026-02,509.0,1347.0,22800.528133595286,-0.4189841315186968,8615.789769858946,0.5356206439160676,16231.424923076924,-0.22706135664169247,,,0.0,2036.0,49190.0,11605468.82,HEANA,715.0,,2,,FUNEV,88.85922785680016,-0.06989363075752095,,,13060510.54,4414598.69,97.58,
2026,2026-03,555.0,1752.0,21370.960108108105,-0.4337207322677457,6769.910308219178,0.2630469948378692,14238.754933973589,-0.34916661414589734,,,121000.0,2236.0,57382.0,11860882.86,HEANA,833.0,,3,,FUNEV,96.55573216856908,-0.06767336417672633,,,12283975.89,4870827.5,97.23,
2022,2022-03,560.0,1300.0,,,,,,,,,,,,,HEAPA,,,3,,IGH,,,,,,,,102.0
2022,2022-04,540.0,1153.0,,,,,,,,,,,,,HEAPA,,,4,,IGH,,,,,,,,102.0
2022,2022-07,74.0,1300.0,,,,,,,,,,,,,HEAPA,,,7,,IGH,,,,,,,,102.0
2023,2023-01,436.0,1186.0,16590.00119266055,-0.4830049086612028,6098.853726812816,0.16395474914519276,,,70914.12274509804,-0.21261561724559674,0.0,1781.0,18963.0,7233240.52,HEAPA,,,1,,IGH,114.00157365798809,-0.06264063538664855,,,6344860.24,3474160.2,,102.0
2023,2023-02,378.0,1077.0,15594.832169312169,-0.4932635380607434,5473.39513463324,0.07159577643835499,,,57792.61333333333,-0.420033476212901,0.0,1695.0,15949.0,5894846.56,HEAPA,,,2,,IGH,114.66403625902304,-0.06244952998158108,89.15666666666667,-1.0103101822653973,5140972.49,2764240.4,,102.0
2023,2023-03,456.0,1300.0,18792.07640350877,-0.4603049723006446,6591.682184615384,0.23672875953127429,,,84011.6356862745,-0.005577081753663613,0.0,1830.0,17881.0,8569186.84,HEAPA,,,3,,IGH,102.09629967435016,-0.06607503636796881,100.34,-0.289202254511875,8393239.39,2699592.22,,102.0
2023,2023-04,438.0,1153.0,16261.924611872148,-0.4863868628599505,6177.556790980052,0.1755765163512931,,,69830.6174509804,-0.22974309406500293,0.0,1654.0,18492.0,7122722.98,HEAPA,,,4,,IGH,106.76200784335718,-0.06472908559554524,101.5,-0.2144047705004816,6671589.57,2325678.71,,102.0
2023,2023-05,554.0,1153.0,10961.440433212996,-0.5410265286365622,5266.81526452732,0.04109095194084972,,,59535.666666666664,-0.3924802139226901,0.0,1870.0,19940.0,6072638.0,HEAPA,,,5,,IGH,80.4256600553778,-0.07232652340434646,101.5,-0.2144047705004816,7550622.52,3832520.49,,102.0
2023,2023-06,542.0,1452.0,13870.616328413284,-0.5110374949480719,5177.59920798898,0.027916773132110155,,,73704.6475490196,-0.1685044817000464,0.0,1699.0,19653.0,7517874.05,HEAPA,,,6,,IGH,111.64792473571762,-0.06331960961096615,127.82,1.4827243494821734,6733554.67,3112535.16,,102.0
2023,2023-07,535.0,1516.0,13794.699308411215,-0.5118200801723369,4868.182143799472,-0.01777360916309979,,,72354.55029411765,-0.1898461027911626,0.0,1892.0,18345.0,7380164.13,HEAPA,,,7,,IGH,105.96537811042694,-0.06495889516904055,,,6964693.81,2718927.93,,102.0
2023,2023-08,573.0,1655.0,13497.398132635253,-0.5148847882880211,4673.117299093656,-0.04657805584192241,11307.030891812865,-0.5288144841177774,75823.61892156863,-0.13500890649487496,0.0,1949.0,19370.0,7734009.13,HEAPA,684.0,,8,,IGH,128.6463744655073,-0.05841594317597716,118.895,0.9072350867220976,6011836.06,2288726.5,,102.0
2023,2023-09,573.0,1413.0,8412.785479930191,-0.5672991577273079,3411.554196744515,-0.23286804145357523,,,47260.05960784314,-0.5865264973008969,0.0,1824.0,18338.0,4820526.08,HEAPA,,,9,,IGH,96.28512236005145,-0.06775142895652099,117.74000000000001,0.8327600056590299,5006511.87,2489713.75,,102.0
2023,2023-10,599.0,2097.0,15906.60716193656,-0.49004962762910964,4543.661273247496,-0.06569431023087535,,,93412.33029411764,0.14302411092742043,0.0,1798.0,22144.0,9528057.69,HEAPA,,,10,,IGH,103.56438971455621,-0.06565152575564022,114.86,0.647055907423845,9200129.23,2268800.69,,102.0
2023,2023-11,630.0,1898.0,11607.230873015873,-0.5343694436225878,3852.7689409905165,-0.16771562204293736,,,71691.72009803922,-0.20032377085625575,0.0,1722.0,18290.0,7312555.45,HEAPA,,,11,,IGH,111.31872426448591,-0.0634145764654042,114.065,0.5957938386401743,6569025.56,1541743.88,,102.0
2023,2023-12,634.0,1930.0,8828.041025236593,-0.5630185253468212,2899.9886062176165,-0.3084088894073689,,,54872.33343137255,-0.4661957115047393,0.0,1689.0,18272.0,5596978.01,HEAPA,,,12,,IGH,81.74268604954166,-0.07194659133617257,126.29,1.3840690472947328,6847068.87,2813743.76,,102.0
2024,2024-01,582.0,1511.0,14573.360223367697,-0.5037933092750988,5613.299569821311,0.09225490571192126,14573.360223367697,-0.3286629355402284,83153.87892156863,-0.019136045594401102,0.0,1683.0,19563.0,8481695.65,HEAPA,582.0,,1,,IGH,135.99299899851238,-0.056296608959879244,116.0,0.7205637796419389,6236861.98,1590380.31,,102.0
2024,2024-02,574.0,1650.0,10473.479407665505,-0.5460566403111284,3643.501321212121,-0.19861733580177324,,,58938.99196078431,-0.4019121310985525,0.0,1627.0,17750.0,6011777.18,HEAPA,,,2,,IGH,92.6020081465092,-0.0688139237035288,,,6492059.19,2095316.66,,102.0
2024,2024-03,567.0,1650.0,12334.206772486772,-0.5268754640471615,4238.481963636364,-0.11075892022982735,,,68563.67882352941,-0.24977018769443296,0.0,1725.0,17674.0,6993495.24,HEAPA,,,3,,IGH,99.68177865790157,-0.06677157080805866,127.0,1.4298502659568784,7015821.08,2153132.13,,102.0
2024,2024-04,658.0,1571.0,11308.728358662614,-0.5374465356519175,4736.564774029281,-0.037209020578570055,,,72952.38490196079,-0.18039585050050755,0.0,,,7441143.26,HEAPA,,,4,,IGH,109.79513357320513,-0.0638540977542428,,,6777297.88,1534676.32,,102.0
2024,2024-05,,1182.0,,,6673.18820642978,0.24876442830027465,,,77330.47509803921,-0.11118932354240184,0.0,1655.0,18097.0,7887708.46,HEAPA,,,5,,IGH,65.30448427165823,-0.0766886389694058,,,12078356.56,6305388.49,,102.0
2024,2024-06,,,,,,,,,,,0.0,,,6150516.16,HEAPA,,,6,,IGH,1650.2374036211436,0.3805284885844577,,,372704.93,560839.2,,
2024,2024-07,,,,,,,,,,,0.0,,,502077.93,HEAPA,,,7,,IGH,,,,,0.0,161195.49,,
2024,2024-08,,,,,,,,,,,0.0,,,435150.0,HEAPA,,,8,,IGH,113.05881100323735,-0.06291260098702683,,,384888.18,191131.14,,
2024,2024-09,,,,,,,,,,,0.0,,,50053.09,HEAPA,,,9,,IGH,,,,,0.0,206441.6,,
2024,2024-10,,,,,,,,,,,0.0,,,264734.0,HEAPA,,,10,,IGH,,,,,0.0,46132.83,,
2024,2024-11,,,,,,,,,,,0.0,,,129191.23,HEAPA,,,11,,IGH,,,,,0.0,46203.32,,
2024,2024-12,,,,,,,,,,,0.0,,,127816.11,HEAPA,,,12,,IGH,,,,,0.0,52321.05,,
2025,2025-01,,,,,,,,,,,0.0,,,37365.01,HEAPA,,,1,,IGH,,,,,0.0,212.71,,
2025,2025-02,,,,,,,,,,,0.0,,,28524.75,HEAPA,,,2,,IGH,,,,,0.0,47875.92,,
2025,2025-03,,,,,,,,,,,0.0,,,17143.43,HEAPA,,,3,,IGH,,,,,0.0,,,
2025,2025-09,580.0,3100.0,3227.0256551724137,-0.6207561956264801,603.7660903225806,-0.6474828989838276,1902.1086178861788,-1.1051218819029995,487.4153333333333,-1.3258836420635143,0.0,6121.0,29205.0,1871674.88,HEJ,984.0,,9,,AGIR,20.034890742923455,-0.08974788789158372,97.55058823529411,-0.46906516991858366,9342076.8,7542670.06,87.34,3840.0
2025,2025-10,567.0,2147.0,11337.340987654321,-0.5371515843922964,2994.0718863530506,-0.29451598712599214,6473.587452165156,-0.82499441308623,,,0.0,7200.0,34151.0,6428272.34,HEJ,993.0,,10,,AGIR,67.33667641088772,-0.07610239772146869,,,9546465.14,10839189.97,86.64,
2025,2025-11,1250.0,3782.0,7782.407840000001,-0.5737973609853257,2572.186620835537,-0.35681409959985805,13253.419346049048,-0.4095452299475648,76000.0765625,-0.13221955772928318,0.0,5850.0,30898.0,9728009.8,HEJ,734.0,,11,29.0,AGIR,100.59186225372913,-0.06650903237350526,118.23615384615384,0.8647522982235838,9670772.15,10943838.8,88.19,128.0
2025,2025-12,507.0,3402.0,21733.511518737672,-0.4299833967270801,3238.944838330394,-0.2583565761416357,13637.24051980198,-0.3860257392577105,,,0.0,5455.0,28353.0,11018890.34,HEJ,808.0,,12,,AGIR,93.03554000004908,-0.0686888596163623,,,11843743.09,11956716.27,81.35,
2026,2026-01,296.0,3255.0,26375.48581081081,-0.3821319334808185,2398.508079877112,-0.38246051620474353,9970.80945083014,-0.6106944060446661,,,0.0,5635.0,31074.0,7807143.8,HEJ,783.0,,1,,AGIR,78.81731064399038,-0.07279049565768281,,,9905366.9,14196275.64,92.31,
2026,2026-02,272.0,2881.0,41984.77669117647,-0.22122466388703502,3963.852572023603,-0.1513123458308238,17172.720691729322,-0.16938137809660522,3208.726962629952,-1.282866591660346,0.0,6310.0,27170.0,11419859.26,HEJ,665.0,,2,,AGIR,109.89071778079631,-0.06382652388262917,,,10392014.44,13371654.28,91.43,3559.0
2026,2026-03,568.0,3953.0,19897.83517605634,-0.4489063363034253,2859.086865671642,-0.3144486861037155,14216.314943396228,-0.3505416741622694,,,0.0,7329.0,34017.0,11301970.38,HEJ,795.0,,3,,AGIR,107.98296990787067,-0.06437686578789673,54.80428571428571,-3.225371962471447,10466437.8,13423281.3,91.31,
2026,2026-12,507.0,3402.0,,,,,,,,,,5455.0,28353.0,,HEJ,733.0,,12,,AGIR,,,,,,,81.35,
2022,2022-07,0.0,0.0,,,,,,,,,,1123.0,425.0,,HEL,71.0,,7,,Instituto Patris,,,,,,,,
2022,2022-08,0.0,10.0,,,,,,,,,,1157.0,522.0,,HEL,72.0,,8,,Instituto Patris,,,,,,,,
2022,2022-09,0.0,17.0,,,,,,,,,,1668.0,991.0,,HEL,164.0,,9,,Instituto Patris,,,,,,,,
2022,2022-10,0.0,13.0,,,,,,,,,,1422.0,895.0,,HEL,191.0,,10,,Instituto Patris,,,,,,,,
2022,2022-11,0.0,23.0,,,,,,,,,,1199.0,824.0,,HEL,205.0,,11,,Instituto Patris,,,,,,,,
2022,2022-12,0.0,8.0,,,,,,,,,,493.0,790.0,,HEL,69.0,,12,,Instituto Patris,,,,,,,,
2023,2023-01,31.0,66.0,,,,,,,,,,1655.0,686.0,,HEL,193.0,,1,,Instituto Patris,,,,,,,,
2023,2023-02,84.0,211.0,,,,,,,,,,1717.0,997.0,,HEL,170.0,,2,,Instituto Patris,,,,,,,,
2023,2023-03,148.0,943.0,,,,,,,,,,2074.0,1395.0,,HEL,219.0,,3,,Instituto Patris,,,,,,,,
2023,2023-04,111.0,1212.0,,,,,,,,,,2668.0,1172.0,,HEL,277.0,,4,,Instituto Patris,,,,,,,,
2023,2023-05,115.0,1046.0,,,,,,,,,,3142.0,1260.0,,HEL,269.0,,5,,Instituto Patris,,,,,,,,
2023,2023-06,207.0,2648.0,,,,,,,,,,2830.0,1194.0,,HEL,346.0,,6,,Instituto Patris,,,,,,,,
2023,2023-07,302.0,1823.0,,,,,,,,,,2774.0,1166.0,,HEL,343.0,,7,,Instituto Patris,,,,,,,,
2023,2023-08,415.0,2558.0,,,,,,,,,,3440.0,1599.0,,HEL,364.0,,8,,Instituto Patris,,,,,,,,
2023,2023-09,277.0,1950.0,,,,,,,,,,2905.0,1590.0,,HEL,338.0,,9,,Instituto Patris,,,82.6875,-1.4274458635731908,,,,
2023,2023-10,252.0,1800.0,,,,,,,,,,3104.0,1233.0,,HEL,360.0,,10,14.0,Instituto Patris,,,101.63636363636364,-0.2056119628188912,,,66.48,69.0
2023,2023-11,269.0,1675.0,,,,,,,,,,2850.0,1449.0,,HEL,385.0,,11,32.0,Instituto Patris,,,89.05882352941177,-1.016619165450266,,,70.68,69.0
2023,2023-12,247.0,1620.0,,,,,,,,,,2653.0,1599.0,,HEL,440.0,,12,13.0,Instituto Patris,,,97.24,-0.4890920824733585,,,73.91,69.0
2024,2024-01,241.0,2238.0,20456.398091286308,-0.4431484300490771,2202.8560947274354,-0.4113516635683238,10907.061814159293,-0.5533234733069934,71449.15855072465,-0.2041580551015329,0.0,3433.0,1632.0,4929991.94,HEL,452.0,,1,13.0,Instituto Patris,106.57599938293909,-0.06478274480908976,101.61772727272728,-0.20681364653537498,4625799.4,5425695.38,79.2,69.0
2024,2024-02,189.0,1980.0,29316.222169312172,-0.3518175609914941,2798.3666616161618,-0.3234149961668181,12395.449642058165,-0.4621192197248457,80300.95637681159,-0.06423353152102008,0.0,3821.0,1454.0,5540765.99,HEL,447.0,,2,19.0,Instituto Patris,118.7787305106548,-0.061262534201806614,89.49055555555556,-0.9887808298272515,4664779.6,4633559.09,81.41,69.0
2024,2024-03,254.0,1940.0,15657.885590551181,-0.49261355633333015,2050.05306185567,-0.43391547725476765,7828.9427952755905,-0.7419420190193783,57639.17304347826,-0.4224589789048798,0.0,3947.0,1714.0,3977102.94,HEL,508.0,,3,23.0,Instituto Patris,96.8513343028801,-0.06758808967892364,99.43411764705883,-0.34761408279663475,4106399.74,4809846.36,91.44,69.0
2024,2024-04,314.0,1907.0,17644.963566878978,-0.47212990373877,2905.3584478238067,-0.30761594634039796,10241.25426987061,-0.5941223020584591,80297.3704347826,-0.06429021619003901,0.0,3841.0,1910.0,5540518.56,HEL,541.0,,4,20.0,Instituto Patris,89.20377457330957,-0.06979423686008382,117.02307692307693,0.7865323829145874,6211080.85,5525683.65,90.53,69.0
2024,2024-05,369.0,1731.0,16898.002493224933,-0.4798298990669176,3602.173841709994,-0.2047199996697011,10444.494003350084,-0.5816683382173293,90367.57855072463,0.09489429080662619,0.0,3527.0,1951.0,6235362.92,HEL,597.0,,5,20.0,Instituto Patris,132.76264997758506,-0.05722849123850024,120.56666666666666,1.0150251391120801,4696624.33,4031173.9,90.93,69.0
2024,2024-06,387.0,2032.0,13089.823126614987,-0.5190862463732109,2492.9928887795277,-0.3685083217737435,9062.185241502682,-0.666372362585984,73416.834057971,-0.17305408466277267,0.0,2911.0,1488.0,5065761.55,HEL,559.0,,6,21.0,Instituto Patris,117.20821566832615,-0.06171559204180966,111.7564,0.44693394933956804,4322019.17,3322313.37,86.18,69.0
2024,2024-07,523.0,2074.0,9413.427667304015,-0.5569841086040193,2373.7814223722276,-0.38611180297924713,7827.06306836248,-0.7420572034402899,71351.0531884058,-0.20570885261779598,0.0,2913.0,1803.0,4923222.67,HEL,629.0,,7,27.0,Instituto Patris,97.13727899636974,-0.06750560113331992,128.25,1.5104510030381215,5068314.37,3501852.76,81.63,69.0
2024,2024-08,375.0,2173.0,17630.40952,-0.4722799331003076,3042.52350207087,-0.28736133051141083,12243.339944444446,-0.47144007761781154,95817.44304347827,0.18104285720062505,0.0,3097.0,1620.0,6611403.57,HEL,540.0,,8,26.0,Instituto Patris,92.86257123471788,-0.06873875717421839,114.65681818181818,0.6339546239782757,7119556.87,115902625.74,81.16,69.0
2024,2024-09,430.0,2056.0,11688.709860465116,-0.5335295232507907,2444.623171206226,-0.37565088481636194,9023.600071813285,-0.668736754134274,72842.68463768116,-0.18212993407511727,0.0,3057.0,1530.0,5026145.24,HEL,557.0,,9,10.0,Instituto Patris,107.51441128499573,-0.06451203430198715,114.5,0.623842895144447,4674857.24,3055041.8,83.24,69.0
2024,2024-10,448.0,2056.0,11324.584598214287,-0.5372830827294344,2467.61376459144,-0.37225595569790587,8900.726140350878,-0.6762661258434965,73527.73768115943,-0.17130097902899286,0.0,3222.0,1448.0,5073413.9,HEL,570.0,,10,15.0,Instituto Patris,94.87468971700537,-0.06815830672010888,139.47826086956522,2.2344558848200706,5347489.32,3368435.31,81.72,69.0
2024,2024-11,120.0,2285.0,40834.51633333333,-0.2330820413246814,2144.482258205689,-0.4199714949073063,9263.028279773156,-0.654065261540628,71016.55014492753,-0.21099649925348726,0.0,3082.0,19356.0,4900141.96,HEL,529.0,,11,11.0,Instituto Patris,97.10653635302104,-0.06751446968725913,126.0,1.3653696762918839,5046150.49,3549567.46,91.37,69.0
2024,2024-12,74.0,2535.0,87550.79783783783,0.24848943812796453,2555.723487179487,-0.3592451448057596,14270.39436123348,-0.3472278383154885,106209.16459016394,0.34530967792670664,0.0,2899.0,18920.0,6478759.04,HEL,454.0,,12,12.0,Instituto Patris,94.40835513571308,-0.06829283364874697,109.76190476190476,0.31832772030316336,6862484.82,3969524.81,84.98,61.0
2025,2025-01,91.0,2528.0,62208.61681318681,-0.012748640237095757,2239.313342563291,-0.4059681673625966,11254.441610337972,-0.5320370085656627,92803.01852459017,0.1333924337542399,0.0,3533.0,22174.0,5660984.13,HEL,503.0,,1,27.0,Instituto Patris,83.89159903526613,-0.07132667877665591,102.575,-0.1450881366106123,6747975.0,4938297.41,91.43,61.0
2025,2025-02,94.0,2849.0,60223.235425531915,-0.033214803667473355,1987.0074166374166,-0.4432251759283544,11818.33847599165,-0.4974829818763564,3314.393518735363,-1.2811962708044098,0.0,2607.0,19104.0,5660984.13,HEL,479.0,,2,15.0,Instituto Patris,59.11441570218867,-0.07847433307427425,117.6842105263158,0.829162667498772,9576317.49,9366459.26,95.08,1708.0
2025,2025-03,88.0,2805.0,59083.15818181818,-0.04496720919428266,1853.5892762923352,-0.4629264999437267,10398.635839999999,-0.5844783985259365,2749.5070967741935,-1.2901256956537976,0.0,2377.0,862.0,5199317.92,HEL,500.0,,3,16.0,Instituto Patris,54.29349982839802,-0.07986505774222934,110.36363636363636,0.3571277288028786,9576317.49,9366459.26,95.88,1891.0
2025,2025-04,85.0,1318.0,64886.23235294117,0.01485336992633239,4184.620447647952,-0.1187124352143883,11586.827205882353,-0.5116693466062943,3013.841393442623,-1.2859472393385938,0.0,2246.0,928.0,5515329.75,HEL,476.0,,4,16.0,Instituto Patris,296.89165912109905,-0.009881002147504828,109.86666666666666,0.3250828296966387,1857691.04,5780853.42,94.86,1830.0
2025,2025-05,63.0,2810.0,85998.11444444445,0.23248371132785722,1928.0716049822063,-0.45192799189119925,10945.214565656566,-0.5509855791390961,2865.0878952934954,-1.2882986557139327,0.0,3078.0,861.0,5417881.21,HEL,495.0,,5,20.0,Instituto Patris,116.93050079638797,-0.061795706470929274,103.24,-0.10220854448339146,4633420.0,5072969.22,94.55,1891.0
2025,2025-06,62.0,2727.0,81019.04564516128,0.1811573332269781,1842.0171727172717,-0.46463530626857946,10619.832621564483,-0.5709240768772292,2744.907557377049,-1.2901984027322329,0.0,2821.0,21134.0,5023180.83,HEL,473.0,,6,18.0,Instituto Patris,91.81931257602204,-0.06903971358783138,105.93333333333334,0.07145917701432765,5470723.63,5591072.88,99.23,1830.0
2025,2025-07,66.0,1140.0,76061.08333333333,0.13004852985727433,4403.536403508772,-0.08638599019429048,10913.11195652174,-0.5529527374625518,2654.6967213114754,-1.2916244077660437,0.0,2787.0,1005.0,5020031.5,HEL,460.0,,7,18.0,Instituto Patris,93.19823204360233,-0.06864192665918716,107.0,0.14023847265698822,5386402.07,6048648.01,95.77,1891.0
2025,2025-08,204.0,2602.0,26418.04774509804,-0.38169318679544517,2071.207432744043,-0.4307916957799604,11157.933209109731,-0.5379507741403609,2849.9639026969858,-1.288537727764637,0.0,3219.0,22652.0,5389281.74,HEL,483.0,,8,19.0,Instituto Patris,97.80347314806374,-0.06731341926069169,114.0,0.5916026003119498,5510317.34,6260875.93,91.49,1891.0
2025,2025-09,213.0,2544.0,25651.838779342725,-0.3895915976561874,2147.736501572327,-0.4194909537842987,11265.652907216496,-0.5313500115717831,2985.705825136612,-1.286391991474627,0.0,3706.0,1071.0,5463841.66,HEL,485.0,,9,15.0,Instituto Patris,94.92360565187079,-0.06814419558457895,120.64,1.0197537156875134,5756041.0,6643414.2,96.99,1830.0
2025,2025-10,229.0,2638.0,21892.13825327511,-0.42834820426801057,1900.416853677028,-0.4560116585846389,10066.866787148594,-0.604808280469196,2651.136784769963,-1.2916806813541142,0.0,3430.0,26169.0,5013299.66,HEL,498.0,,10,16.0,Instituto Patris,86.07429291409221,-0.07069702119719452,120.77272727272727,1.028312048497594,5824386.69,7560604.8,97.14,1891.0
2025,2025-11,210.0,2396.0,29513.16314285714,-0.3497874089130211,2586.7129632721203,-0.3546690526192813,12128.697181996085,-0.478465066254314,3386.756426229508,-1.2800523963559696,0.0,3140.0,1024.0,6197764.26,HEL,511.0,,11,14.0,Instituto Patris,75.40833606719227,-0.07377390734967258,108.85,0.25952756353722767,8218937.83,9686835.22,95.85,1830.0
2025,2025-12,221.0,2487.0,29114.911674208146,-0.35389275597350994,2587.2116928025735,-0.3545954072210612,13078.039593495936,-0.42029201188517895,3402.6417133791647,-1.2798012901648854,0.0,3043.0,883.0,6434395.48,HEL,492.0,,12,18.0,Instituto Patris,106.64759645064802,-0.06476209068219295,102.9047619047619,-0.12382489454251354,6033324.42,9410683.79,91.8,1891.0
2026,2026-01,216.0,2521.0,,,,,,,,,,3027.0,23685.0,,HEL,500.0,,1,4.0,Instituto Patris,,,104.81818181818181,-0.0004464502484546818,,,,
2026,2026-02,67.0,2655.0,,,,,,,,,,2807.0,805.0,,HEL,475.0,,2,10.0,Instituto Patris,,,107.5,0.17247876748948548,,,,
2026,2026-03,77.0,1351.0,,,,,,,,,,3277.0,24983.0,,HEL,503.0,,3,,Instituto Patris,,,126.71428571428571,1.4114272403383081,,,,
2024,2024-09,415.0,1345.0,14265.520578313253,-0.5069666524550082,4401.629026022305,-0.08666764501111919,9487.485641025642,-0.6403111406654589,,,0.0,353.0,1801.0,5920191.04,HERSO,624.0,72.0,9,,IPGSE,89.62843961049998,-0.06967173064792409,,,6605259.52,7167684.85,94.43,
2024,2024-10,398.0,1185.0,17443.514673366833,-0.4742065253909746,5858.665687763713,0.12848714054501256,9960.572223816356,-0.6113217147548302,,,0.0,391.0,1748.0,6942518.84,HERSO,697.0,73.0,10,,IPGSE,116.55481391396619,-0.061904083598531015,,,5956441.1,6405050.53,89.61,
2024,2024-11,408.0,1019.0,17307.935294117648,-0.47560413582026373,6929.968204121687,0.2866821051777228,9230.898823529411,-0.6560340649800164,,,0.0,387.0,1476.0,7061637.6,HERSO,765.0,88.0,11,,IPGSE,109.37799395901071,-0.06397443305289328,,,6456177.65,6026103.57,86.02,
2024,2024-12,288.0,892.0,24722.10392361111,-0.39917570357288357,7982.024585201793,0.4420350698682044,11886.420584307178,-0.4933111002237214,,,0.0,448.0,1579.0,7119965.93,HERSO,599.0,78.0,12,,IPGSE,119.91590375323635,-0.060934485565074616,,,5937465.93,4955702.24,82.91,
2025,2025-01,368.0,1049.0,17539.126032608696,-0.47322092246540487,6152.9059866539565,0.171936430512802,9899.384018404908,-0.615071157271073,,,0.0,494.0,1718.0,6454398.38,HERSO,652.0,72.0,1,,IPGSE,109.18345863623028,-0.0640305520724452,,,5911516.69,4470397.11,92.8,
2025,2025-02,355.0,826.0,18113.877718309857,-0.4672961354171394,7785.020084745763,0.4129442019702401,9540.692270029673,-0.63705078688335,,,0.0,499.0,1412.0,6430426.59,HERSO,674.0,72.0,2,,IPGSE,54.74583159177083,-0.07973457030832862,,,11745965.68,9838183.01,89.23,
2025,2025-03,396.0,883.0,16634.293813131313,-0.48254832131987335,7460.000396375991,0.36494984246720524,9035.91268861454,-0.667982271328145,,,0.0,508.0,1649.0,6587180.35,HERSO,729.0,78.0,3,,IPGSE,98.81816411508085,-0.06702070397688975,100.0,-0.31112565499797334,6665961.07,10306047.79,93.82,
2025,2025-04,351.0,1057.0,16966.02475783476,-0.47912869636950867,5633.940104068118,0.09530281098173655,8809.282085798817,-0.6818695623830975,,,0.0,314.0,1674.0,5955074.69,HERSO,676.0,83.0,4,,IPGSE,510.6826734934294,0.051792846817827635,100.0,-0.31112565499797334,1166100.79,5636193.69,94.47,
2025,2025-05,359.0,1036.0,19180.97406685237,-0.45629604827971204,6646.6888899613905,0.24485138005526608,10216.572240356083,-0.5956347479657483,,,0.0,394.0,2018.0,6885969.69,HERSO,674.0,75.0,5,,IPGSE,116.93349657452632,-0.061794842257019346,,,5888791.4,4707454.48,93.38,
2025,2025-06,362.0,1129.0,16279.437513812154,-0.4862063323505617,5219.801930912312,0.034148680700998635,8196.323198887343,-0.7194299728550269,,,0.0,397.0,116.0,5893156.38,HERSO,719.0,82.0,6,,IPGSE,66.1659529090221,-0.0764401248455305,,,8906629.65,7791975.26,93.53,
2025,2025-07,381.0,1101.0,18815.837112860892,-0.46006003671101636,6511.202488646685,0.2248446442015522,9250.10830967742,-0.6548569612621641,,,0.0,377.0,27759.0,7168833.94,HERSO,775.0,99.0,7,,IPGSE,101.83820918646786,-0.06614948960827817,,,7039434.41,7786709.68,92.7,
2025,2025-08,422.0,1059.0,15571.928222748815,-0.4934996417718394,6205.244296506138,0.179665019729739,8371.151222929937,-0.7087169993012483,,,0.0,459.0,28458.0,6571353.71,HERSO,785.0,80.0,8,,IPGSE,85.69629273431761,-0.07080606565850985,,,7668189.02,9034838.42,94.52,
2025,2025-09,374.0,1127.0,19836.32754010695,-0.4495403834126526,6582.7741792369125,0.235413349948754,9800.246367239102,-0.6211460359464978,,,0.0,445.0,25323.0,7418786.5,HERSO,757.0,94.0,9,,IPGSE,107.33539183529,-0.06456367734477556,,,6911780.33,8669220.17,89.69,
2025,2025-10,382.0,1177.0,16571.461125654452,-0.4831960276289318,5378.3331775700935,0.057558356843145544,8395.620888594165,-0.7072175664582231,,,0.0,472.0,28109.0,6330298.15,HERSO,754.0,89.0,10,,IPGSE,86.43520802323887,-0.07059290539047473,100.0,-0.31112565499797334,7323749.54,9815919.79,85.52,
2025,2025-11,367.0,1023.0,18057.34476839237,-0.467878901327713,6478.050371456501,0.21994920344012286,7936.581473053892,-0.7353462211504869,,,9998.0,449.0,27210.0,6627045.53,HERSO,835.0,101.0,11,,IPGSE,68.88999594928151,-0.07565430033586501,,,9619750.21,12934875.19,87.42,
2025,2025-12,402.0,970.0,18340.85708955224,-0.46495633464331526,7601.056237113402,0.38577899520041475,8102.22478021978,-0.7251960614221115,,,0.0,470.0,26711.0,7373024.55,HERSO,910.0,114.0,12,,IPGSE,108.30738497740029,-0.0642832794130952,,,6807499.37,12561886.03,89.68,
2026,2026-01,402.0,1092.0,15823.175174129354,-0.4909096803667856,5825.015036630037,0.12351808326690865,8228.869883570504,-0.7174356028209131,,,228000.0,498.0,27102.0,6360916.42,HERSO,773.0,89.0,1,,IPGSE,95.91603575121259,-0.06785790205519394,,,6631754.92,12741982.47,90.19,
2026,2026-02,370.0,962.0,17310.36075675676,-0.47557913311041916,6657.831060291061,0.2464966998545942,7294.798952164009,-0.7746728634964278,,,0.0,525.0,26334.0,6404833.48,HERSO,878.0,79.0,2,,IPGSE,96.57825955968832,-0.06766686553635293,,,6631754.92,13125755.86,95.44,
2026,2026-03,417.0,1344.0,14837.602805755396,-0.5010693833281554,4603.631227678571,-0.05683878653388897,5978.048666666667,-0.8553596473385117,,,0.0,548.0,105.0,6187280.37,HERSO,1035.0,90.0,3,,IPGSE,96.08351865648511,-0.0678095870432914,,,6439481.46,13560126.29,96.88,
2026,2026-04,382.0,1019.0,16448.509083769633,-0.4844634700452655,6166.173179587831,0.17389554391438797,6663.128812301166,-0.8133798473459597,,,0.0,544.0,27184.0,6283330.47,HERSO,943.0,111.0,4,,IPGSE,94.96937121512434,-0.06813099325966272,,,6616165.18,14066795.27,91.92,
2022,2022-12,,,,,,,,,,,0.0,,,5823316.52,HETRIN,,,12,,IMED,53.45422521961337,-0.08010716939324791,,,10894024.74,37690651.79,,
2023,2023-01,255.0,2391.0,19333.678509803918,-0.4547219053440403,2061.9356001672936,-0.43216083027200447,12576.755153061224,-0.45100932384192444,,,0.0,6399.0,17286.0,4930088.02,HETRIN,392.0,,1,16.0,IMED,113.84613439904467,-0.06268547608029278,,,4330483.46,37445614.24,,
2023,2023-02,210.0,2336.0,19034.12823809524,-0.4578097981058664,1711.1159803082192,-0.48396496263299166,11453.200372492836,-0.5198576261456678,,,0.0,6719.0,16029.0,3997166.93,HETRIN,349.0,,2,8.0,IMED,93.81956220527142,-0.06846268702808812,,,4260483.46,37992113.89,,
2023,2023-03,219.0,1868.0,18764.522876712326,-0.46058900588029117,2199.909266595289,-0.4117868099112339,11166.930733695652,-0.537399430936282,,,0.0,7854.0,16242.0,4109430.51,HETRIN,368.0,,3,11.0,IMED,94.89542098378087,-0.06815232622078936,,,4330483.46,38557138.14,,
2023,2023-04,197.0,2441.0,26430.02492385787,-0.38156972089642055,2133.0253625563296,-0.4216632889378222,15135.799156976746,-0.2941982468590753,,,0.0,7477.0,18649.0,5206714.91,HETRIN,344.0,,4,14.0,IMED,120.54013954316486,-0.060754407726256954,,,4319486.38,37925666.86,,
2023,2023-05,211.0,2261.0,20884.50483412322,-0.4387353220089659,1948.9741353383456,-0.4488413987021297,11445.793558441557,-0.5203114950461695,,,0.0,6427.0,16426.0,4406630.52,HETRIN,385.0,,5,13.0,IMED,99.09012593791962,-0.06694224917168973,,,4447093.47,38230197.47,,
2023,2023-06,201.0,2263.0,23863.470348258707,-0.4080268669761673,2119.5570216526735,-0.42365210505687556,13549.597570621469,-0.3913962546649957,,,0.0,5340.0,13905.0,4796557.54,HETRIN,354.0,,6,12.0,IMED,110.07744321676796,-0.06377265783793169,,,4357439.09,38026967.77,,
2023,2023-07,205.0,2313.0,23397.841658536585,-0.4128267673484488,2073.7386683960226,-0.43041791831903997,13250.158950276244,-0.4097450179042164,,,0.0,5358.0,13477.0,4796557.54,HETRIN,362.0,,7,12.0,IMED,110.03367735690261,-0.06378528329386629,,,4359172.26,35664212.61,,
2023,2023-08,236.0,2427.0,24873.451483050845,-0.39761554797479914,2418.679254223321,-0.3794819194371872,13683.297319347319,-0.38320350707724105,,,0.0,5258.0,944.0,5870134.55,HETRIN,429.0,,8,12.0,IMED,170.1297547578992,-0.04644893072582457,,,3450386.77,35664212.61,,
2023,2023-09,207.0,2528.0,20365.352512077294,-0.44408696695452576,1667.5743552215188,-0.4903945805377998,10645.525176767676,-0.5693497087750437,,,0.0,5605.0,851.0,4215627.97,HETRIN,396.0,51.0,9,19.0,IMED,83.63082002299946,-0.0714019075951499,,,5040758.86,35576037.84,,
2023,2023-10,203.0,2636.0,24510.781527093597,-0.4013541055315798,1887.5905349013658,-0.45790566985979375,12923.866623376623,-0.42973930136088273,92142.38240740741,0.122949448524228,0.0,6080.0,17416.0,4975688.65,HETRIN,385.0,,10,14.0,IMED,65.7991020439259,-0.07654595298294391,,,7561940.05,41619663.63,87.01,54.0
2023,2023-11,146.0,2228.0,39780.854041095896,-0.2439436444440847,2606.824367145422,-0.3516992819187819,15244.106797900264,-0.2875614567950115,,,0.0,5722.0,,5808004.69,HETRIN,381.0,,11,19.0,IMED,98.90127986854343,-0.06699672697093026,,,5872527.33,42019054.03,,
2023,2023-12,129.0,2435.0,73171.94527131783,0.1002660547530947,3876.460344969199,-0.16421720702264203,23422.28521091811,0.21357449973446124,,,0.0,5873.0,19111.0,9439180.94,HETRIN,403.0,,12,20.0,IMED,162.94788236489094,-0.04852073769374179,,,5792760.73,40129299.85,94.84,
2024,2024-01,131.0,2460.0,44255.72893129771,-0.1978147135480716,2356.7075162601627,-0.38863303851477327,14865.385871794871,-0.3107684185384052,,,0.0,6326.0,20459.0,5797500.49,HETRIN,390.0,,1,14.0,IMED,99.50517637554911,-0.06682251655299895,,,5826330.55,40507177.5,93.22,
2024,2024-02,,2384.0,,,2274.904601510067,-0.4007125482780266,12974.57552631579,-0.42663200126352496,,,0.0,6401.0,16748.0,5423372.57,HETRIN,418.0,,2,19.0,IMED,95.02445435180421,-0.06811510302656708,,,5707344.08,41179352.73,94.49,
2024,2024-03,130.0,2183.0,67895.06246153846,0.04586968201613661,4043.2240586349058,-0.13959187535157305,19924.05896162528,-0.000787044983779033,,,0.0,7287.0,18073.0,8826358.12,HETRIN,443.0,,3,13.0,IMED,148.74552088085068,-0.05261779621460317,,,5933864.81,38633704.7,96.71,
2024,2024-04,131.0,2322.0,43958.41312977099,-0.20087957243227164,2479.9966063738157,-0.3704274308994438,12712.035584988962,-0.4427197163975681,,,0.0,8052.0,20764.0,5758552.12,HETRIN,453.0,,4,10.0,IMED,102.16876936376505,-0.06605413050954133,100.0,-0.31112565499797334,5636313.48,38892855.91,98.02,
2024,2024-05,130.0,2321.0,39682.00453846154,-0.24496262754149148,2222.6025807841447,-0.4084357788245997,10592.732217659137,-0.5725847140200706,3007.965358600583,-1.2860401245797581,0.0,7177.0,19817.0,5158660.59,HETRIN,487.0,49.0,5,12.0,IMED,89.4952736117484,-0.06971014601219201,,,5764170.98,39795970.65,97.67,1715.0
2024,2024-06,132.0,2138.0,53574.595606060604,-0.10175183639131818,3307.692525724977,-0.24820487966943905,15078.564221748402,-0.29770544400788074,,,0.0,6227.0,19678.0,7071846.62,HETRIN,469.0,48.0,6,17.0,IMED,122.91475719119589,-0.06006938450109921,,,5753456.12,39093324.89,98.0,
2024,2024-07,130.0,2581.0,48860.216,-0.1503496846890916,2460.994994188299,-0.3732333230930619,14403.238276643991,-0.33908753380557494,,,0.0,6142.0,21152.0,6351828.08,HETRIN,441.0,,7,16.0,IMED,109.22793733360345,-0.06401772097908974,,,5815204.64,39477490.01,98.6,
2024,2024-08,136.0,2430.0,65013.42213235294,0.01616449675984706,3638.611279835391,-0.19933942868481264,19604.934390243903,-0.02034210837988928,,,0.0,6198.0,18650.0,8841825.41,HETRIN,451.0,43.0,8,11.0,IMED,155.02994905669988,-0.05080488150773995,,,5703301.5,37271114.61,98.51,
2024,2024-09,138.0,2356.0,44874.07971014493,-0.19144048833578797,2628.44779286927,-0.3485062369894642,12847.765560165975,-0.43440256219709444,110582.55357142857,0.41444189057533587,0.0,6999.0,,6192623.0,HETRIN,482.0,47.0,9,21.0,IMED,108.71445122757454,-0.06416585005103413,,,5696227.99,40084140.17,98.08,56.0
2024,2024-10,,2581.0,,,5021.472522278187,0.004862168903038957,26888.839377593362,0.42599526759307993,231436.08178571428,2.324830343932438,0.0,6999.0,,12960420.58,HETRIN,482.0,,10,40.0,IMED,235.32561327922875,-0.027641407203778647,,,5507441.54,33409144.85,98.51,56.0
2024,2024-11,131.0,2436.0,60453.63076335878,-0.03083978964403109,3250.9957430213462,-0.2565770671679628,17141.613917748917,-0.17128751442011744,141418.31482142856,0.9018772440391248,0.0,6566.0,21461.0,7919425.63,HETRIN,462.0,32.0,11,33.0,IMED,139.3790340408086,-0.055319814802262265,100.0,-0.31112565499797334,5681934.65,31583973.63,99.39,56.0
2024,2024-12,136.0,2335.0,72812.36580882352,0.0965593553293087,4240.891541755888,-0.11040310745091796,20759.919811320753,0.050432175884637664,176830.03125,1.4616468691240312,0.0,6647.0,,9902481.75,HETRIN,477.0,45.0,12,40.0,IMED,170.71906518332796,-0.046278928060940396,,,5800454.53,22868552.79,98.36,56.0
2025,2025-01,131.0,2671.0,41386.48030534351,-0.22739215980917873,2029.8123998502433,-0.4369043349874803,10630.64494117647,-0.5702615280971207,96814.80214285714,0.19680858067975807,0.0,6458.0,6690.0,5421628.92,HETRIN,510.0,34.0,1,31.0,IMED,93.82793071058184,-0.06846027290449133,,,5778267.6,28043689.96,96.07,56.0
2025,2025-02,131.0,2493.0,78823.63091603054,0.15852605597051067,4141.955736060971,-0.12501256280441064,21557.193423799585,0.099286878512463,,,0.0,6349.0,21485.0,10325895.65,HETRIN,479.0,,2,9.0,IMED,169.9680168348981,-0.046495588440904054,,,6075199.23,24043057.32,96.97,
2025,2025-03,132.0,2594.0,58755.645378787885,-0.04834335172993748,2989.8786391673093,-0.295135187193308,16466.550297239915,-0.21265352969847465,,,0.0,6812.0,22636.0,7755745.19,HETRIN,471.0,50.0,3,13.0,IMED,137.33705735813533,-0.055908878668616324,,,5647234.14,23416709.14,97.75,
2025,2025-04,132.0,2850.0,79999.93136363637,0.17065186582932246,3705.2599789473684,-0.18949768143056434,22372.862161016947,0.1492687830629865,,,0.0,6911.0,22469.0,10559990.94,HETRIN,472.0,,4,10.0,IMED,66.5852282386861,-0.07631917344150398,,,15859359.83,29026498.82,96.86,
2025,2025-05,131.0,2426.0,72166.37923664122,0.08990024849859107,3896.8654905193735,-0.16120406066169712,20287.115193133046,0.02146002797821712,168817.78,1.3349934523842568,0.0,7550.0,23288.0,9453795.68,HETRIN,466.0,,5,43.0,IMED,169.04926761460808,-0.0467606267111772,138.60999999999999,2.1784699119674635,5592331.64,26172247.44,97.01,56.0
2025,2025-06,132.0,2830.0,58659.28378787879,-0.04933668836551771,2736.051399293286,-0.33261684211483167,16943.162932166302,-0.18344803715044286,138268.3117857143,0.8520836673319699,0.0,6943.0,95.0,7743025.46,HETRIN,457.0,,6,38.0,IMED,133.5791668415111,-0.05699294467967378,,,5796581.64,24667692.02,97.91,56.0
2025,2025-07,132.0,3536.0,,,,,,,,,,6446.0,,,HETRIN,491.0,42.0,7,31.0,IMED,,,,,,,97.74,56.0
2025,2025-08,325.0,3070.0,46660.25350769231,-0.17302784224019702,4939.603384364821,-0.007227119770290149,30088.457123015873,0.6220589162937072,270796.11410714284,2.9470128518133385,0.0,6551.0,,15164582.39,HETRIN,504.0,,8,31.0,IMED,270.99462735005636,-0.01735170726945225,,,5595897.8,36739906.93,97.19,56.0
2025,2025-09,327.0,3564.0,39616.27593272171,-0.24564018621887537,3634.8266638608306,-0.1998982878129321,25857.329800399202,0.36278723855159134,,,0.0,7830.0,25451.0,12954522.23,HETRIN,501.0,29.0,9,9.0,IMED,213.86050651514034,-0.03383360268252586,,,6057463.55,32669086.76,94.04,
2025,2025-10,332.0,3229.0,39019.64527108434,-0.25179051114111517,4011.930080520285,-0.14421293213569153,32796.25881012659,0.7879854490778712,,,0.0,7293.0,24547.0,12954522.23,HETRIN,395.0,37.0,10,14.0,IMED,213.86050651514034,-0.03383360268252586,,,6057463.55,32669086.76,95.18,
2025,2025-11,338.0,2641.0,30657.376923076925,-0.33799236219258777,3923.5870503597125,-0.15725819462542173,24496.911111111112,0.2794245767574006,185039.16785714286,1.591412545129037,0.0,6373.0,,10362193.4,HETRIN,423.0,39.0,11,47.0,IMED,177.1629346673965,-0.04442001816016865,135.39909090909092,1.9714286004249555,5848962.38,26007055.23,96.85,56.0
2025,2025-12,325.0,2834.0,22335.440492307695,-0.4237784545315079,2561.403726182075,-0.35840636659475106,16095.383946784923,-0.23539756812281834,129625.32428571429,0.7154599065987851,0.0,6379.0,25919.0,7259018.16,HETRIN,451.0,32.0,12,47.0,IMED,123.13503094336231,-0.06000584052960899,,,5895168.99,25108081.65,94.74,56.0
2026,2026-01,328.0,2711.0,22179.60445121951,-0.42538487932479213,2683.478517152342,-0.340380069684949,18945.07880208333,-0.0607762178654198,,,0.0,6406.0,23508.0,7274910.26,HETRIN,384.0,34.0,1,12.0,IMED,125.67529685458648,-0.05927303154509399,,,5788655.72,24086306.1,95.95,
2026,2026-02,331.0,2654.0,18966.743474320243,-0.45850442917106715,2365.483078372268,-0.38733718630052083,13588.727467532468,-0.38899848375232166,112107.00160714285,0.43853955630510844,0.0,6840.0,,6277992.09,HETRIN,462.0,,2,44.0,IMED,108.45336799542812,-0.06424116663004964,,,5788655.72,23923553.11,97.67,56.0
2026,2026-03,487.0,2980.0,17750.419445585216,-0.47104281928148833,2900.8235805369127,-0.3082855920838833,15245.951093474427,-0.2874484435076992,,,0.0,7638.0,29692.0,8644454.27,HETRIN,567.0,,3,14.0,IMED,149.32847521676098,-0.05244962713709459,,,5788885.38,22564780.4,87.64,
2026,2026-04,496.0,3784.0,,,,,,,,,,7577.0,30665.0,,HETRIN,699.0,,4,7.0,IMED,,,,,,,90.88,116.0
2024,2024-08,757.0,2368.0,,,,,,,,,,1854.0,50927.0,,HUGO,762.0,,8,,Albert Einstein (SBIBHAE),,,74.16666666666667,-1.9768742213436645,,,95.44,
2024,2024-09,1063.0,2378.0,,,,,,,,,,2493.0,66971.0,,HUGO,1154.0,,9,,Albert Einstein,,,82.54,-1.436956750548777,,,95.98,
2024,2024-10,1048.0,2423.0,25482.323664122137,-0.39133903221641647,11021.657119273628,0.8908854682212802,23487.66508355321,0.21758079592367272,,,91631.96,2464.0,61591.0,26705475.2,HUGO,1137.0,,10,,Albert Einstein,125.99200443254865,-0.059181668606446816,80.0,-1.6007374482978636,21196166.63,33566384.2,94.18,
2024,2024-11,971.0,2729.0,26738.889711637486,-0.3783858101053291,9513.91055698058,0.6682425541470088,23732.597723948813,0.23258958477994884,,,0.0,2517.0,61522.0,25963461.91,HUGO,1094.0,,11,,Albert Einstein,72.09916733324673,-0.07472852732421802,82.18,-1.4601697628281751,36010765.27,49254775.72,94.0,
2024,2024-12,945.0,2402.0,32798.20275132275,-0.3159238107549189,12903.539383846795,1.1687755074411632,26001.930872483223,0.3716479888207057,,,0.0,2737.0,69217.0,30994301.6,HUGO,1192.0,,12,,Albert Einstein,149.09051658103903,-0.05251827279557841,113.61111111111111,0.5665268154422299,20788915.56,44407039.59,95.01,
2025,2025-01,1035.0,6063.0,27554.650850241545,-0.36997659418004936,4703.78750288636,-0.042049109321046656,23186.230593495933,0.19910973135685264,83389.07494152046,-0.015418191697782947,123999.92,2662.0,70670.0,28519063.63,HUGO,1230.0,,1,116.0,Albert Einstein,87.96244356437178,-0.0701523326452878,,,32421863.78,43922964.54,95.81,342.0
2025,2025-02,1005.0,6040.0,,,,,,,,,,2733.0,65724.0,,HUGO,1119.0,,2,112.0,Albert Einstein,,,81.40083333333334,-1.5104108889421501,,,96.4,342.0
2025,2025-03,994.0,5465.0,33533.28629778672,-0.30834625407464633,6099.192420860018,0.16400476274265968,29523.548786536758,0.5874429094941602,97462.2414619883,0.20704295792792982,34597.79,2652.0,70055.0,33332086.58,HUGO,1129.0,,3,114.0,Albert Einstein,74.55438309305792,-0.07402025337550945,,,44708419.81,56138303.24,95.78,342.0
2025,2025-04,934.0,689.0,29284.03570663812,-0.35214935286253146,39697.08178519594,5.125270921057951,25999.324477186314,0.3714882761885954,79974.5302631579,-0.06939350233538095,799853.72,2624.0,67746.0,27351289.35,HUGO,1052.0,,4,90.0,Albert Einstein,266.4242980597389,-0.018670143402983955,,,10266064.15,38941594.3,95.56,342.0
2025,2025-05,1034.0,6281.0,26638.67094777563,-0.37941890813512874,4385.350383696864,-0.08907144711894621,23224.608566610455,0.20146142647710025,80539.13964912281,-0.060468456724036446,0.0,2686.0,75367.0,27544385.76,HUGO,1186.0,,5,128.0,Albert Einstein,74.12131137848968,-0.07414518472303992,,,37161222.93,49396481.22,95.63,342.0
2025,2025-06,,5235.0,,,5089.978510028654,0.014978174553951326,23685.366666666665,0.22969539736147537,77912.39035087719,-0.10199071596941545,322653.97,2683.0,72487.0,26646037.5,HUGO,1125.0,,6,113.0,Albert Einstein,107.89885075466343,-0.06440113225187898,,,24695385.83,47809384.95,96.37,342.0
2025,2025-07,,5933.0,,,4559.456018877465,-0.06336196321575766,22866.654742180894,0.1795270147854511,79097.22970760234,-0.08326140405261849,1146298.99,2707.0,73646.0,27051252.56,HUGO,1183.0,,7,114.0,Albert Einstein,91.15908830553266,-0.06923017328540547,,,29674773.04,50084491.77,114.44,342.0
2025,2025-08,,5340.0,,,4692.079835205993,-0.04377793385599094,19682.408735271012,-0.015594696665337596,73262.29918128655,-0.17549689000260096,171768.78,2837.0,74718.0,25055706.32,HUGO,1273.0,,8,119.0,Albert Einstein,95.35278445185851,-0.06802038725443339,,,26276848.09,52087581.36,116.94,342.0
2025,2025-09,,5340.0,,,,,,,,,,2965.0,73352.0,,HUGO,1216.0,,9,,Albert Einstein,,,,,,,94.71,
2025,2025-10,,5401.0,,,5132.584702832809,0.021269660908992807,22796.948996710526,0.17525564117781633,,,11700.72,2965.0,,27721089.98,HUGO,1216.0,,10,,Albert Einstein,115.24451586237852,-0.062282074808173014,,,24054151.1,51709770.18,109.97,
2025,2025-11,1072.0,6030.0,26003.997910447764,-0.3859613901930214,4622.93296185738,-0.053988576523977656,20679.737210682495,0.045518809822103164,,,11580.0,2980.0,78808.0,27876285.76,HUGO,1348.0,,11,,Albert Einstein,115.1768084960458,-0.06230160684462135,,,24203037.16,48726571.18,108.07,
2025,2025-12,,4774.0,,,6865.086761625471,0.2771013216508609,25745.42356637863,0.355929936742396,,,33690.83,2888.0,74806.0,32773924.2,HUGO,1273.0,,12,,Albert Einstein,134.32506362941214,-0.05677777040784671,,,24398964.21,45019203.21,114.69,
2026,2026-01,1039.0,5639.0,,,,,,,,,,2838.0,74205.0,,HUGO,1273.0,,1,117.0,Albert Einstein,,,,,,,115.07,342.0
2026,2026-02,1039.0,5639.0,,,,,,,,,,2838.0,74205.0,,HUGO,1273.0,,2,,Albert Einstein,,,,,,,115.07,
2026,2026-03,1032.0,6198.0,28360.352480620157,-0.3616710759828995,4722.1496869958055,-0.039337638918038285,21792.914192107222,0.1137311895477513,,,45974.79,2800.0,74519.0,29267883.76,HUGO,1343.0,,3,108.0,Albert Einstein,114.55870815190477,-0.062479914746765376,,,25548370.99,37791974.12,121.59,
2022,2022-07,209.0,2349.0,,,,,,,,,,,1019.0,,HUGOL,1868.0,,7,,AGIR,,,100.0,-0.31112565499797334,,,,
2022,2022-08,233.0,4738.0,,,,,,,,,,,1103.0,,HUGOL,1935.0,,8,,AGIR,,,,,,,,
2022,2022-09,252.0,4498.0,,,,,,,,,,,983.0,,HUGOL,1907.0,,9,,AGIR,,,,,,,,
2022,2022-10,271.0,4827.0,,,,,,,,,,,1150.0,,HUGOL,2063.0,,10,,AGIR,,,,,,,,
2022,2022-11,278.0,5617.0,,,,,,,,,,,1103.0,,HUGOL,1959.0,,11,,AGIR,,,,,,,,
2022,2022-12,250.0,4972.0,,,,,,,,,,,878.0,,HUGOL,1972.0,,12,,AGIR,,,100.0,-0.31112565499797334,,,,
2023,2023-01,280.0,5072.0,126445.41210714285,0.6494318148152693,6980.424958596214,0.2941328526255258,19045.032485207103,-0.05465133502829044,,,0.0,,1086.0,35404715.39,HUGOL,1859.0,,1,,AGIR,109.75696012338427,-0.06386510992697443,,,32257376.07,19616.96,,
2023,2023-02,273.0,4484.0,122055.11619047618,0.6041747602780794,7431.098733273862,0.3606820492879162,18615.10989944134,-0.08099579162615597,,,0.0,,1123.0,33321046.72,HUGOL,1790.0,,2,,AGIR,104.75886676935812,-0.06530694627138692,,,31807376.07,148860.31,,
2023,2023-03,292.0,5595.0,116437.11904109588,0.5462620345289858,6076.789769436997,0.16069665266597288,16991.323718140928,-0.18049687855158086,,,0.0,,1208.0,33999638.76,HUGOL,2001.0,,3,,AGIR,103.86590802286946,-0.0655645445760907,,,32734166.01,200298.75,,
2023,2023-04,261.0,4730.0,117023.80896551724,0.552309886065635,6457.3391416490485,0.2168908588391707,16902.719501936914,-0.18592629772018976,,,0.0,,1156.0,30543214.14,HUGOL,1807.0,,4,,AGIR,94.68598460618685,-0.06821274385600898,,,32257376.07,2346003.9,,
2023,2023-05,255.0,5354.0,137192.60196078432,0.7602184603079665,6534.201251400822,0.22824077965809494,18638.312999467234,-0.07957397039180672,,,0.0,,1146.0,34984113.5,HUGOL,1877.0,,5,,AGIR,105.63519679275095,-0.06505414497538675,,,33117857.08,862293.03,,
2023,2023-06,272.0,5169.0,121660.14011029412,0.6001031773276396,6401.9265060940215,0.20870829622218567,17592.534880382776,-0.14365633587196894,,,0.0,,1098.0,33091558.11,HUGOL,1881.0,,6,,AGIR,101.94862537881755,-0.066117637046138,,,32459052.77,291706.22,,
2023,2023-07,,5061.0,,,3576.2419798458805,-0.20854925415927333,9815.271507592191,-0.6202253372648879,,,0.0,4672.0,,18099360.66,HUGOL,1844.0,,7,,AGIR,71.6425058657444,-0.0748602637793619,100.0,-0.31112565499797334,25263438.85,8684985.94,97.27,
2023,2023-08,,5131.0,,,9729.510627557982,0.7000793556283984,27043.40142470206,0.4354663986211922,,,0.0,4616.0,,49922119.03,HUGOL,1846.0,,8,,AGIR,123.6990118526152,-0.05984314485449509,,,40357734.7,986419.67,94.35,
2023,2023-09,1820.0,2677.0,16857.26413186813,-0.4802498475798827,11460.672663429212,0.9557131405364789,17245.76768971332,-0.16490526185682647,75941.1403960396,-0.1331511893792211,0.0,4785.0,,30680220.72,HUGOL,1779.0,,9,106.0,AGIR,96.99651644575835,-0.0675462079301578,,,31630229.46,2038202.8,99.96,404.0
2023,2023-10,1543.0,4333.0,22099.621380427736,-0.4262093791456661,7869.770549273021,0.4254589646388414,19254.497905138338,-0.04181587849068333,83577.73477941177,-0.012435957076707428,0.0,4815.0,,34099715.79,HUGOL,1771.0,,10,117.0,AGIR,104.80086740460877,-0.06529483004263661,,,32537627.44,658398.25,100.54,408.0
2023,2023-11,,4999.0,,,6205.823634726946,0.17975056829137462,18047.069429901105,-0.11580372680122777,,,0.0,4174.0,,31022912.35,HUGOL,1719.0,,11,,AGIR,96.84485721837316,-0.06758995817060365,,,32033618.76,1834164.8,97.64,
2023,2023-12,,4687.0,,,7214.002675485385,0.3286243413488889,18921.113900391716,-0.06224472018046416,,,8176.94,3785.0,752.0,33812030.54,HUGOL,1787.0,,12,,AGIR,102.93908560938067,-0.0658319117791278,,,32846639.68,943067.82,97.04,
2024,2024-01,,5019.0,,,7256.218511655708,0.3348581852985964,19248.92215116279,-0.04215754513829044,,,122.75,4047.0,,36418960.71,HUGOL,1892.0,,1,,AGIR,112.29062569092638,-0.06313420499161022,,,32432770.31,372004.38,98.89,
2024,2024-02,381.0,2699.0,86293.9075328084,0.23553287343125706,12181.540855872545,1.062160867921741,19294.588480046947,-0.03935923991054891,2918.854649325284,-1.2874487393929572,0.0,4184.0,,32877978.77,HUGOL,1704.0,,2,,AGIR,103.05808789244833,-0.06579758232494567,100.0,-0.31112565499797334,31902376.07,397197.99,100.36,11264.0
2024,2024-03,1635.0,2713.0,20292.211877675843,-0.44484093200444985,12229.180398083303,1.069195608884331,17924.239016747706,-0.12333043182988762,80724.49250608272,-0.05753849710295593,0.0,4382.0,,33177766.42,HUGOL,1851.0,,3,107.0,AGIR,102.66993831957139,-0.06590955465551276,,,32314976.48,32866.36,95.73,411.0
2024,2024-04,,5011.0,,,6584.80315705448,0.2357129610008981,18413.196774553573,-0.0933684645939431,,,0.0,4424.0,,32996448.62,HUGOL,1792.0,,4,,AGIR,102.88690006202496,-0.06584696612355495,,,32070602.38,1270237.83,102.88,
2024,2024-05,,2831.0,,,14921.831815612857,1.4668086913331824,21730.30137345679,0.10989445070680787,,,0.0,4697.0,,42243705.87,HUGOL,1944.0,,5,,AGIR,95.81039071584263,-0.06788837824697624,100.0,-0.31112565499797334,44090944.16,8763310.47,103.59,
2024,2024-06,,2856.0,,,11902.786418067226,1.0209983132217497,17441.948696767573,-0.15288383707761707,,,0.0,4581.0,,33994358.01,HUGOL,1949.0,,6,,AGIR,106.08078202890047,-0.06492560376126628,,,32045727.19,8050325.13,100.96,
2024,2024-07,,3158.0,,,12374.479502849907,1.0906513474724002,20611.079256329114,0.0413116419308439,,,0.0,4017.0,,39078606.27,HUGOL,1896.0,,7,,AGIR,114.01010755605266,-0.06263817355100094,,,34276440.14,7436654.81,101.02,
2024,2024-08,,3135.0,,,10317.28131738437,0.7868731062912216,16996.67731476616,-0.1801688250865956,,,0.0,4245.0,,32344676.93,HUGOL,1903.0,,8,,AGIR,93.28400121713346,-0.06861718420184035,,,34673337.88,10503434.78,100.11,
2024,2024-09,,3135.0,,,10293.224153110048,0.7833206809086344,17321.125990338165,-0.1602875154396104,,,0.0,4413.0,,32269257.72,HUGOL,1863.0,,9,,AGIR,94.4386226732915,-0.06828410215202507,,,34169555.64,12697994.8,101.1,
2024,2024-10,,2956.0,,,11648.420943843032,0.9834371793830301,18084.418230042018,-0.11351509652947293,,,28482.52,4388.0,,34432732.31,HUGOL,1904.0,,10,,AGIR,102.94426135172405,-0.06583041869508727,,,33447937.61,12011366.44,98.45,
2024,2024-11,,4590.0,,,7681.692098039215,0.3976861707857512,19653.82760869565,-0.01734606836227133,,,179502.73,4199.0,,35258966.73,HUGOL,1794.0,,11,,AGIR,99.10501877412405,-0.06693795292690398,101.96,-0.1847436992545845,35577377.58,12879210.5,101.96,
2024,2024-12,,,,,,,22965.004797814207,0.18555363180398832,,,21990.0,4440.0,,42025958.78,HUGOL,1830.0,,12,,AGIR,102.11040351855895,-0.06607096772944294,97.0325,-0.5024718048288447,41157372.15,12152942.32,102.43,
2025,2025-01,176.0,5804.0,211038.25903409094,1.5214511865153388,6399.506131977947,0.20835088924157666,18950.374280612246,-0.06045172571523085,,,0.0,4549.0,374.0,37142733.59,HUGOL,1960.0,,1,,AGIR,100.85266586588139,-0.06643379645850334,,,36828707.77,12072007.99,100.89,
2025,2025-02,254.0,5642.0,159780.96440944882,0.9930689949072813,7193.258589152782,0.32556114495607147,24316.57576992211,0.26837413017397,,,0.0,4097.0,,40584364.96,HUGOL,1669.0,,2,,AGIR,54.40206719948137,-0.07983373852300761,,,74600777.23,46584755.23,101.27,
2025,2025-03,318.0,5886.0,114728.62496855347,0.528650144377348,6198.386466190962,0.17865235131199403,20670.653110481588,0.0449621615058785,,,23278.5,4396.0,,36483702.74,HUGOL,1765.0,,3,,AGIR,2405.553877325999,0.5984201256912124,,,1516644.59,18269641.47,101.72,
2025,2025-04,286.0,5829.0,160832.92374125874,1.0039130431797207,7891.270576428204,0.4286337877942833,23420.680341140527,0.21347615779197995,,,0.0,4249.0,,45998216.19,HUGOL,1964.0,,4,,AGIR,100.37550207626495,-0.066571447367635,95.76461538461538,-0.5842257524560195,45826138.09,18628421.46,100.8,
2025,2025-05,1828.0,6025.0,17793.30921772429,-0.47060069310283664,5398.534315352697,0.06054137819170334,16222.528304239402,-0.22760651662303047,75466.75,-0.14065010106486622,307123.85,4618.0,,32526169.25,HUGOL,2005.0,,5,141.0,AGIR,103.60612413116313,-0.06563948632491846,93.7375,-0.7149353477750017,31394060.46,17630940.58,100.18,431.0
2025,2025-06,,5611.0,,,6083.44246836571,0.16167903015101576,19427.54450199203,-0.031212065824967192,,,1908606.62,4144.0,,34134195.69,HUGOL,1757.0,,6,,AGIR,89.37312662763956,-0.06974538264115707,,,38192907.62,20272273.98,103.94,
2025,2025-07,355.0,6493.0,98696.75653521127,0.36338676400555303,5396.172581241337,0.06019263034642741,16983.6881095492,-0.18096476734319852,,,165174.28,4317.0,,35037348.57,HUGOL,2063.0,,7,,AGIR,96.03433480369527,-0.06782377546705375,95.98076923076923,-0.5702880249976631,36484189.37,22169536.89,102.52,
2025,2025-08,1782.0,5960.0,16728.674343434344,-0.4815754063072525,5001.761355704698,0.0019514996463631507,14950.099137412237,-0.30557742596623066,,,0.0,4571.0,,29810497.68,HUGOL,1994.0,,8,,AGIR,80.22782424900278,-0.0723835945384076,113.34046511627906,0.5490754021049902,37157305.41,30074952.55,102.94,
2025,2025-09,1831.0,6191.0,24508.27835062807,-0.4013799093489003,7248.369836859957,0.3336992028330753,22403.7232451323,0.15115986419702807,,,0.0,4468.0,,44874657.66,HUGOL,2003.0,,9,,AGIR,112.00349712353767,-0.06321703505792874,,,40065407.61,25874823.1,99.59,
2025,2025-10,1920.0,6287.0,20909.93486458333,-0.4384731783409169,6385.728477811356,0.2063163980681449,18433.00043158861,-0.09215495174183438,,,10066.25,4738.0,,40147074.94,HUGOL,2178.0,,10,,AGIR,100.51459380122532,-0.06653132256602573,,,39941538.26,30463970.02,100.83,
2025,2025-11,1785.0,5886.0,24647.677731092437,-0.3999429207076161,7474.703491335372,0.3671209897870099,22772.31094720497,0.17374589024277512,,,1171270.6,4605.0,,43996104.75,HUGOL,1932.0,,11,,AGIR,112.30054662153266,-0.06313134302859646,97.475,-0.47393914390208486,39177106.5,48869945.52,102.35,
2025,2025-12,1732.0,6299.0,22676.966466512702,-0.42025785821320816,6235.355758056835,0.18411145901492404,19550.276714783475,-0.023691378240514847,,,0.0,4443.0,,39276505.92,HUGOL,2009.0,,12,,AGIR,97.9355819522915,-0.06727530887301775,107.00071428571428,0.14028453022103435,40104428.99,28586077.35,100.24,
2026,2026-01,1767.0,6078.0,22662.71563667233,-0.42040476188337716,6588.519007897335,0.2362616658566136,20944.04734832636,0.061714997647714195,,,29005.6,4436.0,854.0,40045018.53,HUGOL,1912.0,,1,,AGIR,84.93383932914593,-0.07102601613814866,112.10781818181819,0.4695936009222052,47148485.04,37723002.93,99.13,
2026,2026-02,1621.0,5770.0,23250.758285009255,-0.41434296588804387,6531.972128249567,0.2279116139437516,20416.835958829903,0.029408954587075636,,,0.0,4366.0,,37689479.18,HUGOL,1846.0,,2,,AGIR,96.3198908053766,-0.0677413990502032,99.20625,-0.3623071230445629,39129487.03,39720647.77,102.36,
2026,2026-03,1859.0,6568.0,18594.18686390533,-0.46234490260515404,5262.879625456761,0.04050979183521409,17600.098462321792,-0.14319286067267956,,,0.0,4776.0,,34566593.38,HUGOL,1964.0,,3,,AGIR,90.17705177789094,-0.06951346850556255,106.2860606060606,0.094203239550707,38331917.82,34288170.14,101.6,
2024,2024-07,16.0,3163.0,,,,,,,,,,,5846.0,,PFRE,,,7,,IMED,,,94.06055555555555,-0.694104535058227,,,,
2024,2024-08,83.0,6382.0,,,,,,,,,,,2101.0,,PFRE,,,8,,IMED,,,82.11111111111111,-1.464611759005097,,,,
2024,2024-09,86.0,6940.0,20407.21976744186,-0.44365538131762977,252.88485590778097,-0.6992961297202177,,,,,0.0,,2184.0,1755020.9,PFRE,,,9,,IMED,85.33921498786566,-0.07090907447330132,43.666666666666664,-3.9435322061259974,2056523.37,0.0,,
2024,2024-10,,6364.0,,,296.9279776869893,-0.6927924578014187,,,,,0.0,,2226.0,1889649.65,PFRE,,,10,,IMED,89.64200218215804,-0.06966781815422797,,,2107995.81,4958862.04,,
2024,2024-11,93.0,6449.0,13140.873870967742,-0.5185599933904527,189.50244534036284,-0.7086555571881339,,,,,0.0,,,1222101.27,PFRE,,,11,,IMED,55.83838532133968,-0.07941939338706386,,,2188640.06,4392696.3,,
2024,2024-12,82.0,7004.0,29960.034146341462,-0.3451808708209068,350.75996573386635,-0.6848433030900724,,,,,0.0,,2134.0,2456722.8,PFRE,,,12,,IMED,8055.534041832513,2.2283109999448945,95.5484,-0.5981674479506629,30497.33,4169509.97,,
2025,2025-01,40.0,7089.0,57448.8265,-0.061814601593303584,324.1575765270137,-0.6887715716747765,,,,,0.0,,365.0,2297953.06,PFRE,,,1,,IMED,102.74491141519863,-0.06588792662128619,,,2236561.43,4105400.81,,
2025,2025-02,109.0,7604.0,19548.559449541284,-0.45250682039457746,280.22001315097316,-0.6952596562056987,,,,,0.0,,648.0,2130792.98,PFRE,,,2,,IMED,89.76632696591622,-0.06963195327955743,74.0,-1.9876209862878307,2373710.78,4397526.2,,
2025,2025-03,183.0,7245.0,11115.389781420765,-0.5394395526832205,280.7613982056591,-0.6951797120365486,,,,,0.0,,650.0,2034116.33,PFRE,,,3,,IMED,132.58630783763186,-0.05727936193827042,78.83333333333333,-1.675964802907024,1534182.8,3937567.88,,
2025,2025-04,85.0,7274.0,28706.48741176471,-0.35810296855839374,335.44836816057193,-0.6871043055609825,,,,,0.0,,615.0,2440051.43,PFRE,,,4,,IMED,61.99264106966557,-0.07764403046720203,94.2,-0.6851130750549413,3936034.0,5506235.35,,
2025,2025-05,20.0,7271.0,109384.3625,0.4735591931997294,300.8784555081832,-0.6922091065167315,,,,,0.0,,481.0,2187687.25,PFRE,,,5,,IMED,101.6186514385482,-0.06621282702881533,114.6,0.6302909541109462,2152840.27,5544837.94,,
2025,2025-06,16.0,7402.0,111423.16125,0.49457600572683597,240.84984868954336,-0.701073291177577,,,,,0.0,,676.0,1782770.58,PFRE,,,6,,IMED,76.87083172969326,-0.07335201058817233,100.25,-0.2950055075817247,2319176.91,6164229.57,,
2025,2025-07,7.0,7410.0,,,,,,,,,,,1191.0,,PFRE,,,7,,IMED,,,137.14285714285714,2.083867675416108,,,,
2025,2025-09,,7402.0,,,,,,,,,,,1235.0,,PFRE,,,9,,IMED,,,95.2,-0.6206324853899468,,,,
2025,2025-12,,7311.0,,,,,,,,,,,853.0,,PFRE,,,12,,IMED,,,96.6,-0.5303596598589551,,,,
2026,2026-01,,,,,,,,,,,0.0,,,2148326.64,PFRE,,,1,,IMED,88.68314591787973,-0.06994442639520658,,,2422474.55,9177773.48,,
2026,2026-02,,7943.0,,,,,,,,,,,8579.0,,PFRE,,,2,,IMED,,,82.4,-1.4459840331018763,,,,
2026,2026-03,,,,,,,,,,,0.0,,,2193105.48,PFRE,,,3,,IMED,106.17300437054458,-0.06489899971157558,,,2065596.14,9631329.43,,
