_ano_pasta,_doc_path,_filename,carga_horaria,categoria,hospital,oss_gestora,quantidade,tipo_documento
2021,C:\OSS-Goias\documentos\IMED\HSLMB\2021\05_Contrato_Gestao_Aditivos\2021-10_Contrato-GestOo-Emeregncia_046-2021.pdf,2021-10_Contrato-GestOo-Emeregncia_046-2021,,Responsável Técnico Médico,HSLMB,IMED,1,contrato_gestao_inicial
2021,C:\OSS-Goias\documentos\IMED\HSLMB\2021\05_Contrato_Gestao_Aditivos\2021-10_Contrato-GestOo-Emeregncia_046-2021.pdf,2021-10_Contrato-GestOo-Emeregncia_046-2021,,Responsável Técnico de Enfermagem,HSLMB,IMED,1,contrato_gestao_inicial
2021,C:\OSS-Goias\documentos\IMED\HSLMB\2021\05_Contrato_Gestao_Aditivos\2021-10_Contrato-GestOo-Emeregncia_046-2021.pdf,2021-10_Contrato-GestOo-Emeregncia_046-2021,diurno,Médico Hospitalista (diarista),HSLMB,IMED,0,contrato_gestao_inicial
2021,C:\OSS-Goias\documentos\IMED\HSLMB\2021\05_Contrato_Gestao_Aditivos\2021-10_Contrato-GestOo-Emeregncia_046-2021.pdf,2021-10_Contrato-GestOo-Emeregncia_046-2021,,Farmacêutico,HSLMB,IMED,0,contrato_gestao_inicial
2021,C:\OSS-Goias\documentos\IMED\HSLMB\2021\05_Contrato_Gestao_Aditivos\2021-10_Contrato-GestOo-Emeregncia_046-2021.pdf,2021-10_Contrato-GestOo-Emeregncia_046-2021,,Nutricionista,HSLMB,IMED,0,contrato_gestao_inicial
2022,C:\OSS-Goias\documentos\IMED\HSLMB\2022\05_Contrato_Gestao_Aditivos\2022-05_Contrato-024-22.pdf,2022-05_Contrato-024-22,,Responsável Técnico Médico,HSLMB,IMED,1,contrato_gestao_inicial
2022,C:\OSS-Goias\documentos\IMED\HSLMB\2022\05_Contrato_Gestao_Aditivos\2022-05_Contrato-024-22.pdf,2022-05_Contrato-024-22,,Responsável Técnico de Enfermagem,HSLMB,IMED,1,contrato_gestao_inicial
2022,C:\OSS-Goias\documentos\IMED\HSLMB\2022\05_Contrato_Gestao_Aditivos\2022-05_Contrato-024-22.pdf,2022-05_Contrato-024-22,,Equipe médica por especialidade (hospitalista/diarista),HSLMB,IMED,0,contrato_gestao_inicial
2022,C:\OSS-Goias\documentos\IMED\HSLMB\2022\05_Contrato_Gestao_Aditivos\2022-05_Contrato-024-22.pdf,2022-05_Contrato-024-22,,"Coordenadores, supervisores, preceptores e tutores de Residência",HSLMB,IMED,0,contrato_gestao_inicial
2022,C:\OSS-Goias\documentos\Instituto Patris\HEL\2022\05_Contrato_Gestao_Aditivos\id3888_1.16.1 Primeiro Termo Aditivo ao Contrato de Gestão nº 45_2022-SES_GO.pdf,id3888_1.16.1 Primeiro Termo Aditivo ao Contrato de Gestão nº 45_2022-SES_GO,,Responsável Técnico - área médica,HEL,Instituto Patris,1,termo_aditivo
2022,C:\OSS-Goias\documentos\Instituto Patris\HEL\2022\05_Contrato_Gestao_Aditivos\id3888_1.16.1 Primeiro Termo Aditivo ao Contrato de Gestão nº 45_2022-SES_GO.pdf,id3888_1.16.1 Primeiro Termo Aditivo ao Contrato de Gestão nº 45_2022-SES_GO,,Responsável Técnico - área de enfermagem,HEL,Instituto Patris,1,termo_aditivo
2022,C:\OSS-Goias\documentos\Instituto Patris\HEL\2022\05_Contrato_Gestao_Aditivos\id3888_1.16.1 Primeiro Termo Aditivo ao Contrato de Gestão nº 45_2022-SES_GO.pdf,id3888_1.16.1 Primeiro Termo Aditivo ao Contrato de Gestão nº 45_2022-SES_GO,diurno,Médico hospitalista (diarista),HEL,Instituto Patris,0,termo_aditivo
2022,C:\OSS-Goias\documentos\Instituto Patris\HEL\2022\05_Contrato_Gestao_Aditivos\id3888_1.16.1 Primeiro Termo Aditivo ao Contrato de Gestão nº 45_2022-SES_GO.pdf,id3888_1.16.1 Primeiro Termo Aditivo ao Contrato de Gestão nº 45_2022-SES_GO,"24h/dia, 7 dias/semana",Farmacêutico,HEL,Instituto Patris,0,termo_aditivo
2022,C:\OSS-Goias\documentos\Instituto Patris\HEL\2022\05_Contrato_Gestao_Aditivos\id3888_1.16.1 Primeiro Termo Aditivo ao Contrato de Gestão nº 45_2022-SES_GO.pdf,id3888_1.16.1 Primeiro Termo Aditivo ao Contrato de Gestão nº 45_2022-SES_GO,,Assistente Social,HEL,Instituto Patris,0,termo_aditivo
2022,C:\OSS-Goias\documentos\Instituto Patris\HEL\2022\05_Contrato_Gestao_Aditivos\id3888_1.16.1 Primeiro Termo Aditivo ao Contrato de Gestão nº 45_2022-SES_GO.pdf,id3888_1.16.1 Primeiro Termo Aditivo ao Contrato de Gestão nº 45_2022-SES_GO,,Fisioterapeuta,HEL,Instituto Patris,0,termo_aditivo
2022,C:\OSS-Goias\documentos\Instituto Patris\HEL\2022\05_Contrato_Gestao_Aditivos\id3888_1.16.1 Primeiro Termo Aditivo ao Contrato de Gestão nº 45_2022-SES_GO.pdf,id3888_1.16.1 Primeiro Termo Aditivo ao Contrato de Gestão nº 45_2022-SES_GO,,Fonoaudiólogo,HEL,Instituto Patris,0,termo_aditivo
2022,C:\OSS-Goias\documentos\Instituto Patris\HEL\2022\05_Contrato_Gestao_Aditivos\id3888_1.16.1 Primeiro Termo Aditivo ao Contrato de Gestão nº 45_2022-SES_GO.pdf,id3888_1.16.1 Primeiro Termo Aditivo ao Contrato de Gestão nº 45_2022-SES_GO,,Nutricionista,HEL,Instituto Patris,0,termo_aditivo
2022,C:\OSS-Goias\documentos\Instituto Patris\HEL\2022\05_Contrato_Gestao_Aditivos\id3888_1.16.1 Primeiro Termo Aditivo ao Contrato de Gestão nº 45_2022-SES_GO.pdf,id3888_1.16.1 Primeiro Termo Aditivo ao Contrato de Gestão nº 45_2022-SES_GO,,Psicólogo,HEL,Instituto Patris,0,termo_aditivo
2022,C:\OSS-Goias\documentos\Instituto Patris\HEL\2022\05_Contrato_Gestao_Aditivos\id3888_1.16.1 Primeiro Termo Aditivo ao Contrato de Gestão nº 45_2022-SES_GO.pdf,id3888_1.16.1 Primeiro Termo Aditivo ao Contrato de Gestão nº 45_2022-SES_GO,,Terapeuta Ocupacional,HEL,Instituto Patris,0,termo_aditivo
2023,C:\OSS-Goias\documentos\IDTech\HGG\2023\05_Contrato_Gestao_Aditivos\16. Compêtencias previstas no Contrato de Gestão - 16º Termo Aditivo.pdf,16. Compêtencias previstas no Contrato de Gestão - 16º Termo Aditivo,período diurno,Equipe médica de assistência horizontal (médico hospitalista/diarista) por especialidade médica,HGG,IDTECH,0,termo_aditivo
2023,C:\OSS-Goias\documentos\IDTech\HGG\2023\05_Contrato_Gestao_Aditivos\16. Compêtencias previstas no Contrato de Gestão - 16º Termo Aditivo.pdf,16. Compêtencias previstas no Contrato de Gestão - 16º Termo Aditivo,,Responsável Técnico médico da UCT (Unidade de Coleta e Transfusão),HGG,IDTECH,1,termo_aditivo
2023,C:\OSS-Goias\documentos\IDTech\HGG\2023\05_Contrato_Gestao_Aditivos\16. Compêtencias previstas no Contrato de Gestão - 16º Termo Aditivo.pdf,16. Compêtencias previstas no Contrato de Gestão - 16º Termo Aditivo,,Quadro de pessoal técnico habilitado e capacitado para a UCT,HGG,IDTECH,0,termo_aditivo
2023,C:\OSS-Goias\documentos\ISG\HDT\2023\05_Contrato_Gestao_Aditivos\16o-Termo-Aditivo-2023-ao-CG-n.o-091-2012-–-SES.GO_-2.pdf,16o-Termo-Aditivo-2023-ao-CG-n.o-091-2012-–-SES.GO_-2,,Analista de Gestão Governamental,HDT,ISG,2,termo_aditivo
2023,C:\OSS-Goias\documentos\ISG\HDT\2023\05_Contrato_Gestao_Aditivos\16o-Termo-Aditivo-2023-ao-CG-n.o-091-2012-–-SES.GO_-2.pdf,16o-Termo-Aditivo-2023-ao-CG-n.o-091-2012-–-SES.GO_-2,,Assistente Social,HDT,ISG,3,termo_aditivo
2023,C:\OSS-Goias\documentos\ISG\HDT\2023\05_Contrato_Gestao_Aditivos\16o-Termo-Aditivo-2023-ao-CG-n.o-091-2012-–-SES.GO_-2.pdf,16o-Termo-Aditivo-2023-ao-CG-n.o-091-2012-–-SES.GO_-2,,Assistente Técnico de Saúde,HDT,ISG,13,termo_aditivo
2023,C:\OSS-Goias\documentos\ISG\HDT\2023\05_Contrato_Gestao_Aditivos\16o-Termo-Aditivo-2023-ao-CG-n.o-091-2012-–-SES.GO_-2.pdf,16o-Termo-Aditivo-2023-ao-CG-n.o-091-2012-–-SES.GO_-2,,Auxiliar de Enfermagem,HDT,ISG,7,termo_aditivo
2023,C:\OSS-Goias\documentos\ISG\HDT\2023\05_Contrato_Gestao_Aditivos\16o-Termo-Aditivo-2023-ao-CG-n.o-091-2012-–-SES.GO_-2.pdf,16o-Termo-Aditivo-2023-ao-CG-n.o-091-2012-–-SES.GO_-2,,Auxiliar de Laboratório,HDT,ISG,1,termo_aditivo
2023,C:\OSS-Goias\documentos\ISG\HDT\2023\05_Contrato_Gestao_Aditivos\16o-Termo-Aditivo-2023-ao-CG-n.o-091-2012-–-SES.GO_-2.pdf,16o-Termo-Aditivo-2023-ao-CG-n.o-091-2012-–-SES.GO_-2,,Auxiliar de Radiologia,HDT,ISG,1,termo_aditivo
2023,C:\OSS-Goias\documentos\ISG\HDT\2023\05_Contrato_Gestao_Aditivos\16o-Termo-Aditivo-2023-ao-CG-n.o-091-2012-–-SES.GO_-2.pdf,16o-Termo-Aditivo-2023-ao-CG-n.o-091-2012-–-SES.GO_-2,,Auxiliar de Serviços Gerais,HDT,ISG,8,termo_aditivo
2023,C:\OSS-Goias\documentos\ISG\HDT\2023\05_Contrato_Gestao_Aditivos\16o-Termo-Aditivo-2023-ao-CG-n.o-091-2012-–-SES.GO_-2.pdf,16o-Termo-Aditivo-2023-ao-CG-n.o-091-2012-–-SES.GO_-2,,Auxiliar Técnico de Saúde,HDT,ISG,3,termo_aditivo
2023,C:\OSS-Goias\documentos\ISG\HDT\2023\05_Contrato_Gestao_Aditivos\16o-Termo-Aditivo-2023-ao-CG-n.o-091-2012-–-SES.GO_-2.pdf,16o-Termo-Aditivo-2023-ao-CG-n.o-091-2012-–-SES.GO_-2,,Enfermeiro,HDT,ISG,8,termo_aditivo
2023,C:\OSS-Goias\documentos\ISG\HDT\2023\05_Contrato_Gestao_Aditivos\16o-Termo-Aditivo-2023-ao-CG-n.o-091-2012-–-SES.GO_-2.pdf,16o-Termo-Aditivo-2023-ao-CG-n.o-091-2012-–-SES.GO_-2,,Farmacêutico,HDT,ISG,2,termo_aditivo
2023,C:\OSS-Goias\documentos\ISG\HDT\2023\05_Contrato_Gestao_Aditivos\16o-Termo-Aditivo-2023-ao-CG-n.o-091-2012-–-SES.GO_-2.pdf,16o-Termo-Aditivo-2023-ao-CG-n.o-091-2012-–-SES.GO_-2,,Fisioterapeuta,HDT,ISG,1,termo_aditivo
2023,C:\OSS-Goias\documentos\ISG\HDT\2023\05_Contrato_Gestao_Aditivos\16o-Termo-Aditivo-2023-ao-CG-n.o-091-2012-–-SES.GO_-2.pdf,16o-Termo-Aditivo-2023-ao-CG-n.o-091-2012-–-SES.GO_-2,,Médico,HDT,ISG,35,termo_aditivo
2023,C:\OSS-Goias\documentos\ISG\HDT\2023\05_Contrato_Gestao_Aditivos\16o-Termo-Aditivo-2023-ao-CG-n.o-091-2012-–-SES.GO_-2.pdf,16o-Termo-Aditivo-2023-ao-CG-n.o-091-2012-–-SES.GO_-2,,Nutricionista,HDT,ISG,1,termo_aditivo
2023,C:\OSS-Goias\documentos\ISG\HDT\2023\05_Contrato_Gestao_Aditivos\16o-Termo-Aditivo-2023-ao-CG-n.o-091-2012-–-SES.GO_-2.pdf,16o-Termo-Aditivo-2023-ao-CG-n.o-091-2012-–-SES.GO_-2,,Técnico em Enfermagem,HDT,ISG,49,termo_aditivo
2023,C:\OSS-Goias\documentos\ISG\HDT\2023\05_Contrato_Gestao_Aditivos\16o-Termo-Aditivo-2023-ao-CG-n.o-091-2012-–-SES.GO_-2.pdf,16o-Termo-Aditivo-2023-ao-CG-n.o-091-2012-–-SES.GO_-2,,Técnico em Gestão Pública,HDT,ISG,1,termo_aditivo
2023,C:\OSS-Goias\documentos\ISG\HDT\2023\05_Contrato_Gestao_Aditivos\16o-Termo-Aditivo-2023-ao-CG-n.o-091-2012-–-SES.GO_-2.pdf,16o-Termo-Aditivo-2023-ao-CG-n.o-091-2012-–-SES.GO_-2,,Técnico em Laboratório,HDT,ISG,2,termo_aditivo
2023,C:\OSS-Goias\documentos\ISG\HDT\2023\05_Contrato_Gestao_Aditivos\16o-Termo-Aditivo-2023-ao-CG-n.o-091-2012-–-SES.GO_-2.pdf,16o-Termo-Aditivo-2023-ao-CG-n.o-091-2012-–-SES.GO_-2,,Técnico em Radiologia,HDT,ISG,3,termo_aditivo
2023,C:\OSS-Goias\documentos\ISG\HDT\2023\05_Contrato_Gestao_Aditivos\16o-Termo-Aditivo-2023-ao-CG-n.o-091-2012-–-SES.GO_-2.pdf,16o-Termo-Aditivo-2023-ao-CG-n.o-091-2012-–-SES.GO_-2,,Terapeuta Ocupacional,HDT,ISG,1,termo_aditivo
2023,C:\OSS-Goias\documentos\FUNEV\HEANA\2023\05_Contrato_Gestao_Aditivos\1700488721202-Competencias 1° termo aditivo.pdf,1700488721202-Competencias 1° termo aditivo,período diurno,Equipe médica de assistência horizontal (médico hospitalista por especialidade),HEANA,FUNEV,0,termo_aditivo
2023,C:\OSS-Goias\documentos\FUNEV\HEANA\2023\05_Contrato_Gestao_Aditivos\1700488721202-Competencias 1° termo aditivo.pdf,1700488721202-Competencias 1° termo aditivo,,Profissionais técnicos e administrativos (regime CLT),HEANA,FUNEV,0,termo_aditivo
2023,C:\OSS-Goias\documentos\FUNEV\HEANA\2023\05_Contrato_Gestao_Aditivos\1772651247549-4_Termo_Aditivo_ao_Contrato_de_Gestão_nº_662019.pdf,1772651247549-4_Termo_Aditivo_ao_Contrato_de_Gestão_nº_662019,,Cirurgião-Dentista (servidor cedido),HEANA,FUNEV,1,termo_aditivo
2023,C:\OSS-Goias\documentos\FUNEV\HEANA\2023\05_Contrato_Gestao_Aditivos\1772651247549-4_Termo_Aditivo_ao_Contrato_de_Gestão_nº_662019.pdf,1772651247549-4_Termo_Aditivo_ao_Contrato_de_Gestão_nº_662019,,Técnico em Enfermagem (servidor cedido),HEANA,FUNEV,1,termo_aditivo
2023,C:\OSS-Goias\documentos\IMED\HETRIN\2023\05_Contrato_Gestao_Aditivos\4o-TA-Hetrin_037-2019.pdf,4o-TA-Hetrin_037-2019,,Técnico em Enfermagem (servidores cedidos),HETRIN,IMED,2,termo_aditivo
2023,C:\OSS-Goias\documentos\IMED\HETRIN\2023\05_Contrato_Gestao_Aditivos\4o-TA-Hetrin_037-2019.pdf,4o-TA-Hetrin_037-2019,,Responsável Técnico médico,HETRIN,IMED,1,termo_aditivo
2023,C:\OSS-Goias\documentos\IMED\HETRIN\2023\05_Contrato_Gestao_Aditivos\4o-TA-Hetrin_037-2019.pdf,4o-TA-Hetrin_037-2019,,Responsável Técnico enfermagem,HETRIN,IMED,1,termo_aditivo
2023,C:\OSS-Goias\documentos\FUNEV\HEANA\2023\05_Contrato_Gestao_Aditivos\Competencias Contrato de gestão.pdf,Competencias Contrato de gestão,período diurno,Equipe médica de assistência horizontal (médico hospitalista por especialidade),HEANA,FUNEV,0,outro
2023,C:\OSS-Goias\documentos\FUNEV\HEANA\2023\05_Contrato_Gestao_Aditivos\Competencias Contrato de gestão.pdf,Competencias Contrato de gestão,,Profissionais técnicos e administrativos (regime CLT),HEANA,FUNEV,0,outro
2023,C:\OSS-Goias\documentos\AGIR\HUGOL\2023\05_Contrato_Gestao_Aditivos\Competências previstas no Contrato de Gestão HUGOL.pdf,Competências previstas no Contrato de Gestão HUGOL,24h ininterruptas,Quadro de recursos humanos qualificados compatíveis com o porte da Unidade,HUGOL,AGIR,0,outro
2023,C:\OSS-Goias\documentos\AGIR\HUGOL\2023\05_Contrato_Gestao_Aditivos\Competências previstas no Contrato de Gestão HUGOL_10º Aditivo.pdf,Competências previstas no Contrato de Gestão HUGOL_10º Aditivo,período diurno,Equipe médica de assistência horizontal (médico hospitalista/diarista),HUGOL,AGIR,0,outro
2023,C:\OSS-Goias\documentos\AGIR\HUGOL\2023\05_Contrato_Gestao_Aditivos\Competências previstas no Contrato de Gestão HUGOL_10º Aditivo.pdf,Competências previstas no Contrato de Gestão HUGOL_10º Aditivo,,Responsável Técnico médico da UCT,HUGOL,AGIR,0,outro
2023,C:\OSS-Goias\documentos\AGIR\HUGOL\2023\05_Contrato_Gestao_Aditivos\Competências previstas no Contrato de Gestão HUGOL_10º Aditivo.pdf,Competências previstas no Contrato de Gestão HUGOL_10º Aditivo,,Responsável técnico médico dos serviços de imagem,HUGOL,AGIR,0,outro
2023,C:\OSS-Goias\documentos\AGIR\HUGOL\2023\05_Contrato_Gestao_Aditivos\Competências previstas no Contrato de Gestão HUGOL_10º Aditivo.pdf,Competências previstas no Contrato de Gestão HUGOL_10º Aditivo,,Profissionais técnicos e administrativos (CLT),HUGOL,AGIR,0,outro
2023,C:\OSS-Goias\documentos\IGH\HEAPA\2023\05_Contrato_Gestao_Aditivos\Contrato 002 - 1° Aditivo.pdf,Contrato 002 - 1° Aditivo,24h ininterruptas,Quadro de recursos humanos qualificados e compatíveis com o porte da Unidade,HUAPA,IGH,0,termo_aditivo
2023,C:\OSS-Goias\documentos\IGH\HEAPA\2023\05_Contrato_Gestao_Aditivos\Contrato 002 - 2° Aditivo.pdf,Contrato 002 - 2° Aditivo,24h ininterruptas,Quadro de recursos humanos qualificados e compatíveis com o porte da Unidade,HUAPA,IGH,0,termo_aditivo
2023,C:\OSS-Goias\documentos\IGH\HEAPA\2023\05_Contrato_Gestao_Aditivos\Contrato 002.pdf,Contrato 002,ininterrupto 24h,Quadro de recursos humanos qualificados e compatíveis com o porte da Unidade,HUAPA,IGH,0,contrato_gestao_inicial
2023,C:\OSS-Goias\documentos\IGH\HEAPA\2023\05_Contrato_Gestao_Aditivos\Contrato 096 - 2° Aditivo.pdf,Contrato 096 - 2° Aditivo,período diurno,Médico hospitalista (diarista),HUAPA,IGH,0,termo_aditivo
2023,C:\OSS-Goias\documentos\IGH\HEAPA\2023\05_Contrato_Gestao_Aditivos\Contrato 096 - 3° Aditivo.pdf,Contrato 096 - 3° Aditivo,período diurno,Médico Hospitalista (diarista),HUAPA,IGH,0,termo_aditivo
2023,C:\OSS-Goias\documentos\IGH\HEAPA\2023\05_Contrato_Gestao_Aditivos\Contrato 096 - 3° Aditivo.pdf,Contrato 096 - 3° Aditivo,,Médico Plantonista,HUAPA,IGH,0,termo_aditivo
2023,C:\OSS-Goias\documentos\IGH\HEAPA\2023\05_Contrato_Gestao_Aditivos\Contrato 096 - 3° Aditivo.pdf,Contrato 096 - 3° Aditivo,"24 horas/dia, 7 dias por semana",Plantão Controlador Interno (coordenado por médico),HUAPA,IGH,0,termo_aditivo
2023,C:\OSS-Goias\documentos\IGH\HEAPA\2023\05_Contrato_Gestao_Aditivos\Contrato 096 - 5° Aditivo.pdf,Contrato 096 - 5° Aditivo,,Responsável técnico médico (coordenação do serviço de imagem),HUAPA,IGH,1,termo_aditivo
2023,C:\OSS-Goias\documentos\IGH\HEAPA\2023\05_Contrato_Gestao_Aditivos\Contrato 096 - 5° Aditivo.pdf,Contrato 096 - 5° Aditivo,diurno,Médico hospitalista (assistência horizontal diurna),HUAPA,IGH,0,termo_aditivo
2023,C:\OSS-Goias\documentos\IGH\HEAPA\2023\05_Contrato_Gestao_Aditivos\Contrato 096 - 5° Aditivo.pdf,Contrato 096 - 5° Aditivo,"24h/dia, 7 dias/semana",Plantão Controlador Interno (coordenado por médico),HUAPA,IGH,0,termo_aditivo
2023,C:\OSS-Goias\documentos\IGH\HEAPA\2023\05_Contrato_Gestao_Aditivos\Contrato 096 - 6° Aditivo.pdf,Contrato 096 - 6° Aditivo,período diurno,Médico Hospitalista (diarista),HUAPA,IGH,0,termo_aditivo
2023,C:\OSS-Goias\documentos\IGH\HEAPA\2023\05_Contrato_Gestao_Aditivos\Contrato 096 - 6° Aditivo.pdf,Contrato 096 - 6° Aditivo,,Responsável Técnico médico para serviços de imagem,HUAPA,IGH,1,termo_aditivo
2023,C:\OSS-Goias\documentos\IGH\HEAPA\2023\05_Contrato_Gestao_Aditivos\Contrato 096 - 6° Aditivo.pdf,Contrato 096 - 6° Aditivo,,Profissional de nível superior responsável pelo gerenciamento de equipamentos de saúde e infraestrutura,HUAPA,IGH,1,termo_aditivo
2023,C:\OSS-Goias\documentos\IGH\HEAPA\2023\05_Contrato_Gestao_Aditivos\Contrato 096 - 6° Aditivo.pdf,Contrato 096 - 6° Aditivo,"24 horas/dia, 7 dias por semana",Médico coordenador do Plantão Controlador Interno,HUAPA,IGH,1,termo_aditivo
2023,C:\OSS-Goias\documentos\IGH\HEAPA\2023\05_Contrato_Gestao_Aditivos\Contrato 096 - 9° Aditivo.pdf,Contrato 096 - 9° Aditivo,período diurno,Médico hospitalista (diarista),HEAPA,IGH,0,termo_aditivo
2023,C:\OSS-Goias\documentos\IGH\HEAPA\2023\05_Contrato_Gestao_Aditivos\Contrato 096 - 9° Aditivo.pdf,Contrato 096 - 9° Aditivo,,Responsável Técnico médico da Agência Transfusional,HEAPA,IGH,0,termo_aditivo
2023,C:\OSS-Goias\documentos\FUNEV\HEANA\2023\05_Contrato_Gestao_Aditivos\f30f01e6-2b47-401f-92ed-40a280a1175f.pdf,f30f01e6-2b47-401f-92ed-40a280a1175f,período diurno,Equipe médica de assistência horizontal (médico hospitalista por especialidade médica),HEANA,FUNEV,0,outro
2024,C:\OSS-Goias\documentos\AGIR\HUGOL\2024\05_Contrato_Gestao_Aditivos\11° Aditivo ao Contrato de Gestão 003-14 HUGOL_2024.pdf,11° Aditivo ao Contrato de Gestão 003-14 HUGOL_2024,,Responsável Técnico médico,HUGOL,AGIR,1,termo_aditivo
2024,C:\OSS-Goias\documentos\AGIR\HUGOL\2024\05_Contrato_Gestao_Aditivos\11° Aditivo ao Contrato de Gestão 003-14 HUGOL_2024.pdf,11° Aditivo ao Contrato de Gestão 003-14 HUGOL_2024,,Responsável Técnico de enfermagem,HUGOL,AGIR,1,termo_aditivo
2024,C:\OSS-Goias\documentos\AGIR\HUGOL\2024\05_Contrato_Gestao_Aditivos\11° Aditivo ao Contrato de Gestão 003-14 HUGOL_2024.pdf,11° Aditivo ao Contrato de Gestão 003-14 HUGOL_2024,,Equipe médica e multiprofissional em quantitativo suficiente para atendimento dos serviços,HUGOL,AGIR,0,termo_aditivo
2024,C:\OSS-Goias\documentos\AGIR\HUGOL\2024\05_Contrato_Gestao_Aditivos\11° Aditivo ao Contrato de Gestão 003-14 HUGOL_2024.pdf,11° Aditivo ao Contrato de Gestão 003-14 HUGOL_2024,diurno,Médico hospitalista (diarista) - cobertura horizontal período diurno,HUGOL,AGIR,0,termo_aditivo
2024,C:\OSS-Goias\documentos\AGIR\HUGOL\2024\05_Contrato_Gestao_Aditivos\11° Aditivo ao Contrato de Gestão 003-14 HUGOL_2024.pdf,11° Aditivo ao Contrato de Gestão 003-14 HUGOL_2024,24h/7 dias,Núcleo Interno de Regulação (NIR),HUGOL,AGIR,0,termo_aditivo
2024,C:\OSS-Goias\documentos\AGIR\HUGOL\2024\05_Contrato_Gestao_Aditivos\11° Aditivo ao Contrato de Gestão 003-14 HUGOL_2024.pdf,11° Aditivo ao Contrato de Gestão 003-14 HUGOL_2024,"7 dias/semana, matutino e vespertino",Núcleo Hospitalar de Epidemiologia (NHE) - unidades com mais de 250 leitos: 2 profissionais nível superior + 3 técnicos de enfermagem + 1 técnico administrativo,HUGOL,AGIR,0,termo_aditivo
2024,C:\OSS-Goias\documentos\AGIR\HUGOL\2024\05_Contrato_Gestao_Aditivos\11° Aditivo ao Contrato de Gestão 003-14 HUGOL_2024.pdf,11° Aditivo ao Contrato de Gestão 003-14 HUGOL_2024,,Responsável Técnico médico UCT,HUGOL,AGIR,1,termo_aditivo
2024,C:\OSS-Goias\documentos\FUNEV\HEANA\2024\05_Contrato_Gestao_Aditivos\17157233426175º Aditivo Contrato de Gestão.pdf,17157233426175º Aditivo Contrato de Gestão,,Cirurgião Dentista (servidor cedido),HEANA,FUNEV,1,termo_aditivo
2024,C:\OSS-Goias\documentos\FUNEV\HEANA\2024\05_Contrato_Gestao_Aditivos\17157233426175º Aditivo Contrato de Gestão.pdf,17157233426175º Aditivo Contrato de Gestão,,Técnico em Enfermagem (servidor cedido),HEANA,FUNEV,4,termo_aditivo
2024,C:\OSS-Goias\documentos\FUNEV\HEANA\2024\05_Contrato_Gestao_Aditivos\17157233426175º Aditivo Contrato de Gestão.pdf,17157233426175º Aditivo Contrato de Gestão,,Responsável Técnico médico,HEANA,FUNEV,1,termo_aditivo
2024,C:\OSS-Goias\documentos\FUNEV\HEANA\2024\05_Contrato_Gestao_Aditivos\17157233426175º Aditivo Contrato de Gestão.pdf,17157233426175º Aditivo Contrato de Gestão,,Responsável Técnico de enfermagem,HEANA,FUNEV,1,termo_aditivo
2024,C:\OSS-Goias\documentos\FUNEV\HEANA\2024\05_Contrato_Gestao_Aditivos\17157233426175º Aditivo Contrato de Gestão.pdf,17157233426175º Aditivo Contrato de Gestão,,Coordenador COREME,HEANA,FUNEV,1,termo_aditivo
2024,C:\OSS-Goias\documentos\FUNEV\HEANA\2024\05_Contrato_Gestao_Aditivos\17157233426175º Aditivo Contrato de Gestão.pdf,17157233426175º Aditivo Contrato de Gestão,,Supervisor Residência Médica (Mar/2024-Fev/2025),HEANA,FUNEV,3,termo_aditivo
2024,C:\OSS-Goias\documentos\FUNEV\HEANA\2024\05_Contrato_Gestao_Aditivos\17157233426175º Aditivo Contrato de Gestão.pdf,17157233426175º Aditivo Contrato de Gestão,20h ou 40h semanais,Preceptor Residência Médica (Mar/2024-Fev/2025),HEANA,FUNEV,5,termo_aditivo
2024,C:\OSS-Goias\documentos\Albert Einstein\HUGO\2024\05_Contrato_Gestao_Aditivos\1o-Termo-Aditivo-ao-Termo-de-Colaboracao-no-097-2024-1.pdf,1o-Termo-Aditivo-ao-Termo-de-Colaboracao-no-097-2024-1,,Responsável Técnico - área médica,HUGO,Sociedade Beneficente Israelita Brasileira - Hospital Albert Einstein,1,termo_aditivo
2024,C:\OSS-Goias\documentos\Albert Einstein\HUGO\2024\05_Contrato_Gestao_Aditivos\1o-Termo-Aditivo-ao-Termo-de-Colaboracao-no-097-2024-1.pdf,1o-Termo-Aditivo-ao-Termo-de-Colaboracao-no-097-2024-1,,Responsável Técnico - área de enfermagem,HUGO,Sociedade Beneficente Israelita Brasileira - Hospital Albert Einstein,1,termo_aditivo
2024,C:\OSS-Goias\documentos\Albert Einstein\HUGO\2024\05_Contrato_Gestao_Aditivos\1o-Termo-Aditivo-ao-Termo-de-Colaboracao-no-097-2024-1.pdf,1o-Termo-Aditivo-ao-Termo-de-Colaboracao-no-097-2024-1,,Médicos (servidores cedidos),HUGO,Sociedade Beneficente Israelita Brasileira - Hospital Albert Einstein,80,termo_aditivo
2024,C:\OSS-Goias\documentos\Albert Einstein\HUGO\2024\05_Contrato_Gestao_Aditivos\1o-Termo-Aditivo-ao-Termo-de-Colaboracao-no-097-2024-1.pdf,1o-Termo-Aditivo-ao-Termo-de-Colaboracao-no-097-2024-1,,Técnico em Enfermagem (servidores cedidos),HUGO,Sociedade Beneficente Israelita Brasileira - Hospital Albert Einstein,70,termo_aditivo
2024,C:\OSS-Goias\documentos\Albert Einstein\HUGO\2024\05_Contrato_Gestao_Aditivos\1o-Termo-Aditivo-ao-Termo-de-Colaboracao-no-097-2024-1.pdf,1o-Termo-Aditivo-ao-Termo-de-Colaboracao-no-097-2024-1,,Auxiliar de Enfermagem (servidores cedidos),HUGO,Sociedade Beneficente Israelita Brasileira - Hospital Albert Einstein,30,termo_aditivo
2024,C:\OSS-Goias\documentos\Albert Einstein\HUGO\2024\05_Contrato_Gestao_Aditivos\1o-Termo-Aditivo-ao-Termo-de-Colaboracao-no-097-2024-1.pdf,1o-Termo-Aditivo-ao-Termo-de-Colaboracao-no-097-2024-1,,Técnico em Radiologia (servidores cedidos),HUGO,Sociedade Beneficente Israelita Brasileira - Hospital Albert Einstein,45,termo_aditivo
2024,C:\OSS-Goias\documentos\Albert Einstein\HUGO\2024\05_Contrato_Gestao_Aditivos\1o-Termo-Aditivo-ao-Termo-de-Colaboracao-no-097-2024-1.pdf,1o-Termo-Aditivo-ao-Termo-de-Colaboracao-no-097-2024-1,,Cirurgião-Dentista (servidores cedidos),HUGO,Sociedade Beneficente Israelita Brasileira - Hospital Albert Einstein,12,termo_aditivo
2024,C:\OSS-Goias\documentos\Albert Einstein\HUGO\2024\05_Contrato_Gestao_Aditivos\1o-Termo-Aditivo-ao-Termo-de-Colaboracao-no-097-2024-1.pdf,1o-Termo-Aditivo-ao-Termo-de-Colaboracao-no-097-2024-1,,Técnico em Imobilização Ortopédica (servidores cedidos),HUGO,Sociedade Beneficente Israelita Brasileira - Hospital Albert Einstein,4,termo_aditivo
2024,C:\OSS-Goias\documentos\Albert Einstein\HUGO\2024\05_Contrato_Gestao_Aditivos\1o-Termo-Aditivo-ao-Termo-de-Colaboracao-no-097-2024-1.pdf,1o-Termo-Aditivo-ao-Termo-de-Colaboracao-no-097-2024-1,,Auxiliar de Radiologia (servidores cedidos),HUGO,Sociedade Beneficente Israelita Brasileira - Hospital Albert Einstein,7,termo_aditivo
2024,C:\OSS-Goias\documentos\Albert Einstein\HUGO\2024\05_Contrato_Gestao_Aditivos\1o-Termo-Aditivo-ao-Termo-de-Colaboracao-no-097-2024-1.pdf,1o-Termo-Aditivo-ao-Termo-de-Colaboracao-no-097-2024-1,,Fonoaudiólogo (servidores cedidos),HUGO,Sociedade Beneficente Israelita Brasileira - Hospital Albert Einstein,1,termo_aditivo
2024,C:\OSS-Goias\documentos\Albert Einstein\HUGO\2024\05_Contrato_Gestao_Aditivos\1o-Termo-Aditivo-ao-Termo-de-Colaboracao-no-097-2024-1.pdf,1o-Termo-Aditivo-ao-Termo-de-Colaboracao-no-097-2024-1,20h ou 40h semanais,Preceptores Residência Médica (COREME),HUGO,Sociedade Beneficente Israelita Brasileira - Hospital Albert Einstein,69,termo_aditivo
2024,C:\OSS-Goias\documentos\Albert Einstein\HUGO\2024\05_Contrato_Gestao_Aditivos\1o-Termo-Aditivo-ao-Termo-de-Colaboracao-no-097-2024-1.pdf,1o-Termo-Aditivo-ao-Termo-de-Colaboracao-no-097-2024-1,,Supervisores Residência Médica (COREME),HUGO,Sociedade Beneficente Israelita Brasileira - Hospital Albert Einstein,11,termo_aditivo
2024,C:\OSS-Goias\documentos\Albert Einstein\HUGO\2024\05_Contrato_Gestao_Aditivos\1o-Termo-Aditivo-ao-Termo-de-Colaboracao-no-097-2024-1.pdf,1o-Termo-Aditivo-ao-Termo-de-Colaboracao-no-097-2024-1,,Coordenador COREME,HUGO,Sociedade Beneficente Israelita Brasileira - Hospital Albert Einstein,1,termo_aditivo
2024,C:\OSS-Goias\documentos\Albert Einstein\HUGO\2024\05_Contrato_Gestao_Aditivos\3o-Termo-Aditivo-ao-Termo-de-Colaboracao-No-097-2024-SESGO-VIGENTE.pdf,3o-Termo-Aditivo-ao-Termo-de-Colaboracao-No-097-2024-SESGO-VIGENTE,,Coordenador de Programa de Residência Médica (COREME),HUGO,Sociedade Beneficente Israelita Brasileira - Hospital Albert Einstein,1,termo_aditivo
2024,C:\OSS-Goias\documentos\Albert Einstein\HUGO\2024\05_Contrato_Gestao_Aditivos\3o-Termo-Aditivo-ao-Termo-de-Colaboracao-No-097-2024-SESGO-VIGENTE.pdf,3o-Termo-Aditivo-ao-Termo-de-Colaboracao-No-097-2024-SESGO-VIGENTE,20 horas semanais ou 40 horas semanais,Supervisores de Residência Médica (COREME),HUGO,Sociedade Beneficente Israelita Brasileira - Hospital Albert Einstein,10,termo_aditivo
2024,C:\OSS-Goias\documentos\Albert Einstein\HUGO\2024\05_Contrato_Gestao_Aditivos\3o-Termo-Aditivo-ao-Termo-de-Colaboracao-No-097-2024-SESGO-VIGENTE.pdf,3o-Termo-Aditivo-ao-Termo-de-Colaboracao-No-097-2024-SESGO-VIGENTE,20 horas semanais ou 40 horas semanais,Preceptores de Residência Médica (COREME),HUGO,Sociedade Beneficente Israelita Brasileira - Hospital Albert Einstein,75,termo_aditivo
2024,C:\OSS-Goias\documentos\Albert Einstein\HUGO\2024\05_Contrato_Gestao_Aditivos\3o-Termo-Aditivo-ao-Termo-de-Colaboracao-No-097-2024-SESGO-VIGENTE.pdf,3o-Termo-Aditivo-ao-Termo-de-Colaboracao-No-097-2024-SESGO-VIGENTE,exclusiva,Coordenador de Programa COREMU,HUGO,Sociedade Beneficente Israelita Brasileira - Hospital Albert Einstein,1,termo_aditivo
2024,C:\OSS-Goias\documentos\Albert Einstein\HUGO\2024\05_Contrato_Gestao_Aditivos\3o-Termo-Aditivo-ao-Termo-de-Colaboracao-No-097-2024-SESGO-VIGENTE.pdf,3o-Termo-Aditivo-ao-Termo-de-Colaboracao-No-097-2024-SESGO-VIGENTE,,Tutores de Núcleo COREMU,HUGO,Sociedade Beneficente Israelita Brasileira - Hospital Albert Einstein,8,termo_aditivo
2024,C:\OSS-Goias\documentos\Albert Einstein\HUGO\2024\05_Contrato_Gestao_Aditivos\3o-Termo-Aditivo-ao-Termo-de-Colaboracao-No-097-2024-SESGO-VIGENTE.pdf,3o-Termo-Aditivo-ao-Termo-de-Colaboracao-No-097-2024-SESGO-VIGENTE,,Preceptores COREMU,HUGO,Sociedade Beneficente Israelita Brasileira - Hospital Albert Einstein,28,termo_aditivo
2024,C:\OSS-Goias\documentos\Albert Einstein\HUGO\2024\05_Contrato_Gestao_Aditivos\3o-Termo-Aditivo-ao-Termo-de-Colaboracao-No-097-2024-SESGO-VIGENTE.pdf,3o-Termo-Aditivo-ao-Termo-de-Colaboracao-No-097-2024-SESGO-VIGENTE,,Executor Administrativo COREME,HUGO,Sociedade Beneficente Israelita Brasileira - Hospital Albert Einstein,1,termo_aditivo
2024,C:\OSS-Goias\documentos\Albert Einstein\HUGO\2024\05_Contrato_Gestao_Aditivos\3o-Termo-Aditivo-ao-Termo-de-Colaboracao-No-097-2024-SESGO-VIGENTE.pdf,3o-Termo-Aditivo-ao-Termo-de-Colaboracao-No-097-2024-SESGO-VIGENTE,,Executor Administrativo COREMU,HUGO,Sociedade Beneficente Israelita Brasileira - Hospital Albert Einstein,1,termo_aditivo
2024,C:\OSS-Goias\documentos\ABEVIDA\CRESM\2024\05_Contrato_Gestao_Aditivos\COMPETENCIAS-PREVISTAS-CONTRATO-DE-GESTAO-002-2014.pdf,COMPETENCIAS-PREVISTAS-CONTRATO-DE-GESTAO-002-2014,período diurno,Médico hospitalista (diarista),CREDEQ,ABEVIDA,0,outro
2024,C:\OSS-Goias\documentos\ABEVIDA\CRESM\2024\05_Contrato_Gestao_Aditivos\COMPETENCIAS-PREVISTAS_6o-ADITIVO.pdf,COMPETENCIAS-PREVISTAS_6o-ADITIVO,,Responsável Técnico médico,CREDEQ,ABEVIDA,1,termo_aditivo
2024,C:\OSS-Goias\documentos\ABEVIDA\CRESM\2024\05_Contrato_Gestao_Aditivos\COMPETENCIAS-PREVISTAS_6o-ADITIVO.pdf,COMPETENCIAS-PREVISTAS_6o-ADITIVO,,Responsável pelo Núcleo de Engenharia Clínica,CREDEQ,ABEVIDA,1,termo_aditivo
2024,C:\OSS-Goias\documentos\ABEVIDA\CRESM\2024\05_Contrato_Gestao_Aditivos\COMPETENCIAS-PREVISTAS_6o-ADITIVO.pdf,COMPETENCIAS-PREVISTAS_6o-ADITIVO,,Núcleo de Manutenção Geral,CREDEQ,ABEVIDA,1,termo_aditivo
2024,C:\OSS-Goias\documentos\ABEVIDA\CRESM\2024\05_Contrato_Gestao_Aditivos\COMPETENCIAS-PREVISTAS_7o-ADITIVO.pdf,COMPETENCIAS-PREVISTAS_7o-ADITIVO,,Profissional de nível superior (preferencialmente Enfermagem) - coordenador NHE (unidades até 100 leitos),CRESM,ABEVIDA,1,termo_aditivo
2024,C:\OSS-Goias\documentos\ABEVIDA\CRESM\2024\05_Contrato_Gestao_Aditivos\COMPETENCIAS-PREVISTAS_7o-ADITIVO.pdf,COMPETENCIAS-PREVISTAS_7o-ADITIVO,,Técnico de Enfermagem - NHE (unidades até 100 leitos),CRESM,ABEVIDA,1,termo_aditivo
2024,C:\OSS-Goias\documentos\ABEVIDA\CRESM\2024\05_Contrato_Gestao_Aditivos\COMPETENCIAS-PREVISTAS_7o-ADITIVO.pdf,COMPETENCIAS-PREVISTAS_7o-ADITIVO,,Técnico Administrativo - NHE (unidades até 100 leitos),CRESM,ABEVIDA,1,termo_aditivo
2024,C:\OSS-Goias\documentos\ABEVIDA\CRESM\2024\05_Contrato_Gestao_Aditivos\COMPETENCIAS-PREVISTAS_7o-ADITIVO.pdf,COMPETENCIAS-PREVISTAS_7o-ADITIVO,,Profissional de nível superior - NHE (unidades 101 a 250 leitos),CRESM,ABEVIDA,2,termo_aditivo
2024,C:\OSS-Goias\documentos\ABEVIDA\CRESM\2024\05_Contrato_Gestao_Aditivos\COMPETENCIAS-PREVISTAS_7o-ADITIVO.pdf,COMPETENCIAS-PREVISTAS_7o-ADITIVO,,Técnico de Enfermagem - NHE (unidades 101 a 250 leitos),CRESM,ABEVIDA,2,termo_aditivo
2024,C:\OSS-Goias\documentos\ABEVIDA\CRESM\2024\05_Contrato_Gestao_Aditivos\COMPETENCIAS-PREVISTAS_7o-ADITIVO.pdf,COMPETENCIAS-PREVISTAS_7o-ADITIVO,,Técnico Administrativo - NHE (unidades 101 a 250 leitos),CRESM,ABEVIDA,1,termo_aditivo
2024,C:\OSS-Goias\documentos\ABEVIDA\CRESM\2024\05_Contrato_Gestao_Aditivos\COMPETENCIAS-PREVISTAS_7o-ADITIVO.pdf,COMPETENCIAS-PREVISTAS_7o-ADITIVO,,Profissional de nível superior - NHE (unidades acima de 250 leitos),CRESM,ABEVIDA,2,termo_aditivo
2024,C:\OSS-Goias\documentos\ABEVIDA\CRESM\2024\05_Contrato_Gestao_Aditivos\COMPETENCIAS-PREVISTAS_7o-ADITIVO.pdf,COMPETENCIAS-PREVISTAS_7o-ADITIVO,,Técnico de Enfermagem - NHE (unidades acima de 250 leitos),CRESM,ABEVIDA,3,termo_aditivo
2024,C:\OSS-Goias\documentos\ABEVIDA\CRESM\2024\05_Contrato_Gestao_Aditivos\COMPETENCIAS-PREVISTAS_7o-ADITIVO.pdf,COMPETENCIAS-PREVISTAS_7o-ADITIVO,,Técnico Administrativo - NHE (unidades acima de 250 leitos),CRESM,ABEVIDA,1,termo_aditivo
2024,C:\OSS-Goias\documentos\ABEVIDA\CRESM\2024\05_Contrato_Gestao_Aditivos\COMPETENCIAS-PREVISTAS_9o-ADITIVO-.pdf,COMPETENCIAS-PREVISTAS_9o-ADITIVO-,,Profissional de nível superior (preferencialmente Enfermagem) - coordenador NHE (unidades até 100 leitos),CRESM,ABEVIDA,1,termo_aditivo
2024,C:\OSS-Goias\documentos\ABEVIDA\CRESM\2024\05_Contrato_Gestao_Aditivos\COMPETENCIAS-PREVISTAS_9o-ADITIVO-.pdf,COMPETENCIAS-PREVISTAS_9o-ADITIVO-,,Técnico de Enfermagem - NHE (unidades até 100 leitos),CRESM,ABEVIDA,1,termo_aditivo
2024,C:\OSS-Goias\documentos\ABEVIDA\CRESM\2024\05_Contrato_Gestao_Aditivos\COMPETENCIAS-PREVISTAS_9o-ADITIVO-.pdf,COMPETENCIAS-PREVISTAS_9o-ADITIVO-,,Técnico Administrativo - NHE (unidades até 100 leitos),CRESM,ABEVIDA,1,termo_aditivo
2024,C:\OSS-Goias\documentos\ABEVIDA\CRESM\2024\05_Contrato_Gestao_Aditivos\COMPETENCIAS-PREVISTAS_9o-ADITIVO-.pdf,COMPETENCIAS-PREVISTAS_9o-ADITIVO-,,Profissional de nível superior - NHE (unidades 101 a 250 leitos),CRESM,ABEVIDA,2,termo_aditivo
2024,C:\OSS-Goias\documentos\ABEVIDA\CRESM\2024\05_Contrato_Gestao_Aditivos\COMPETENCIAS-PREVISTAS_9o-ADITIVO-.pdf,COMPETENCIAS-PREVISTAS_9o-ADITIVO-,,Técnico de Enfermagem - NHE (unidades 101 a 250 leitos),CRESM,ABEVIDA,2,termo_aditivo
2024,C:\OSS-Goias\documentos\ABEVIDA\CRESM\2024\05_Contrato_Gestao_Aditivos\COMPETENCIAS-PREVISTAS_9o-ADITIVO-.pdf,COMPETENCIAS-PREVISTAS_9o-ADITIVO-,,Técnico Administrativo - NHE (unidades 101 a 250 leitos),CRESM,ABEVIDA,1,termo_aditivo
2024,C:\OSS-Goias\documentos\ABEVIDA\CRESM\2024\05_Contrato_Gestao_Aditivos\COMPETENCIAS-PREVISTAS_9o-ADITIVO-.pdf,COMPETENCIAS-PREVISTAS_9o-ADITIVO-,,Profissional de nível superior - NHE (unidades acima de 250 leitos),CRESM,ABEVIDA,2,termo_aditivo
2024,C:\OSS-Goias\documentos\ABEVIDA\CRESM\2024\05_Contrato_Gestao_Aditivos\COMPETENCIAS-PREVISTAS_9o-ADITIVO-.pdf,COMPETENCIAS-PREVISTAS_9o-ADITIVO-,,Técnico de Enfermagem - NHE (unidades acima de 250 leitos),CRESM,ABEVIDA,3,termo_aditivo
2024,C:\OSS-Goias\documentos\ABEVIDA\CRESM\2024\05_Contrato_Gestao_Aditivos\COMPETENCIAS-PREVISTAS_9o-ADITIVO-.pdf,COMPETENCIAS-PREVISTAS_9o-ADITIVO-,,Técnico Administrativo - NHE (unidades acima de 250 leitos),CRESM,ABEVIDA,1,termo_aditivo
2024,C:\OSS-Goias\documentos\ABEVIDA\CRESM\2024\05_Contrato_Gestao_Aditivos\COMPETENCIAS-PREVISTAS_9o-ADITIVO-.pdf,COMPETENCIAS-PREVISTAS_9o-ADITIVO-,,Responsável técnico médico (coordenação da atividade),CRESM,ABEVIDA,1,termo_aditivo
2024,C:\OSS-Goias\documentos\IMED\PFRE\2024\05_Contrato_Gestao_Aditivos\SEI_GOVERNADORIA-62338875-Termo-de-Colaboracao.pdf,SEI_GOVERNADORIA-62338875-Termo-de-Colaboracao,,Gestor/Diretor com conhecimento técnico-administrativo,PFRE,IMED,1,contrato_gestao_inicial
2024,C:\OSS-Goias\documentos\IMED\PFRE\2024\05_Contrato_Gestao_Aditivos\SEI_GOVERNADORIA-62338875-Termo-de-Colaboracao.pdf,SEI_GOVERNADORIA-62338875-Termo-de-Colaboracao,,Responsável Técnico médico,PFRE,IMED,1,contrato_gestao_inicial
2024,C:\OSS-Goias\documentos\IMED\PFRE\2024\05_Contrato_Gestao_Aditivos\SEI_GOVERNADORIA-62338875-Termo-de-Colaboracao.pdf,SEI_GOVERNADORIA-62338875-Termo-de-Colaboracao,,Responsável Técnico de enfermagem,PFRE,IMED,1,contrato_gestao_inicial
2024,C:\OSS-Goias\documentos\IMED\PFRE\2024\05_Contrato_Gestao_Aditivos\SEI_GOVERNADORIA-62338875-Termo-de-Colaboracao.pdf,SEI_GOVERNADORIA-62338875-Termo-de-Colaboracao,,Médico Infectologista (SAE),PFRE,IMED,1,contrato_gestao_inicial
2024,C:\OSS-Goias\documentos\IMED\PFRE\2024\05_Contrato_Gestao_Aditivos\SEI_GOVERNADORIA-62338875-Termo-de-Colaboracao.pdf,SEI_GOVERNADORIA-62338875-Termo-de-Colaboracao,,Farmacêutico (SAE),PFRE,IMED,1,contrato_gestao_inicial
2024,C:\OSS-Goias\documentos\IMED\PFRE\2024\05_Contrato_Gestao_Aditivos\SEI_GOVERNADORIA-62338875-Termo-de-Colaboracao.pdf,SEI_GOVERNADORIA-62338875-Termo-de-Colaboracao,,Enfermeiro (SAE),PFRE,IMED,1,contrato_gestao_inicial
2024,C:\OSS-Goias\documentos\IMED\PFRE\2024\05_Contrato_Gestao_Aditivos\SEI_GOVERNADORIA-62338875-Termo-de-Colaboracao.pdf,SEI_GOVERNADORIA-62338875-Termo-de-Colaboracao,,Assistente Social (SAE),PFRE,IMED,1,contrato_gestao_inicial
2024,C:\OSS-Goias\documentos\IMED\PFRE\2024\05_Contrato_Gestao_Aditivos\SEI_GOVERNADORIA-62338875-Termo-de-Colaboracao.pdf,SEI_GOVERNADORIA-62338875-Termo-de-Colaboracao,,Psicólogo (SAE),PFRE,IMED,1,contrato_gestao_inicial
2024,C:\OSS-Goias\documentos\IMED\PFRE\2024\05_Contrato_Gestao_Aditivos\SEI_GOVERNADORIA-62338875-Termo-de-Colaboracao.pdf,SEI_GOVERNADORIA-62338875-Termo-de-Colaboracao,,Cirurgião-Dentista clínico geral (SAE),PFRE,IMED,1,contrato_gestao_inicial
2024,C:\OSS-Goias\documentos\IMED\PFRE\2024\05_Contrato_Gestao_Aditivos\SEI_GOVERNADORIA-62338875-Termo-de-Colaboracao.pdf,SEI_GOVERNADORIA-62338875-Termo-de-Colaboracao,,Técnico de Enfermagem (SAE),PFRE,IMED,1,contrato_gestao_inicial
2024,C:\OSS-Goias\documentos\IMED\PFRE\2024\05_Contrato_Gestao_Aditivos\SEI_GOVERNADORIA-62338875-Termo-de-Colaboracao.pdf,SEI_GOVERNADORIA-62338875-Termo-de-Colaboracao,,Médico Nefrologista RT (Clínica Dialítica),PFRE,IMED,1,contrato_gestao_inicial
2024,C:\OSS-Goias\documentos\IMED\PFRE\2024\05_Contrato_Gestao_Aditivos\SEI_GOVERNADORIA-62338875-Termo-de-Colaboracao.pdf,SEI_GOVERNADORIA-62338875-Termo-de-Colaboracao,,Médico Nefrologista plantonista (Clínica Dialítica),PFRE,IMED,1,contrato_gestao_inicial
2024,C:\OSS-Goias\documentos\IMED\PFRE\2024\05_Contrato_Gestao_Aditivos\SEI_GOVERNADORIA-62338875-Termo-de-Colaboracao.pdf,SEI_GOVERNADORIA-62338875-Termo-de-Colaboracao,,Enfermeiro RT (Clínica Dialítica),PFRE,IMED,1,contrato_gestao_inicial
2024,C:\OSS-Goias\documentos\IMED\PFRE\2024\05_Contrato_Gestao_Aditivos\SEI_GOVERNADORIA-62338875-Termo-de-Colaboracao.pdf,SEI_GOVERNADORIA-62338875-Termo-de-Colaboracao,,Enfermeiro (Clínica Dialítica - 35 pacientes/turno),PFRE,IMED,1,contrato_gestao_inicial
2024,C:\OSS-Goias\documentos\IMED\PFRE\2024\05_Contrato_Gestao_Aditivos\SEI_GOVERNADORIA-62338875-Termo-de-Colaboracao.pdf,SEI_GOVERNADORIA-62338875-Termo-de-Colaboracao,,Técnico de Enfermagem (Clínica Dialítica - 4 pacientes),PFRE,IMED,1,contrato_gestao_inicial
2024,C:\OSS-Goias\documentos\IMED\PFRE\2024\05_Contrato_Gestao_Aditivos\SEI_GOVERNADORIA-62338875-Termo-de-Colaboracao.pdf,SEI_GOVERNADORIA-62338875-Termo-de-Colaboracao,,Assistente Social (Clínica Dialítica),PFRE,IMED,1,contrato_gestao_inicial
2024,C:\OSS-Goias\documentos\IMED\PFRE\2024\05_Contrato_Gestao_Aditivos\SEI_GOVERNADORIA-62338875-Termo-de-Colaboracao.pdf,SEI_GOVERNADORIA-62338875-Termo-de-Colaboracao,,Nutricionista (Clínica Dialítica),PFRE,IMED,1,contrato_gestao_inicial
2024,C:\OSS-Goias\documentos\IMED\PFRE\2024\05_Contrato_Gestao_Aditivos\SEI_GOVERNADORIA-62338875-Termo-de-Colaboracao.pdf,SEI_GOVERNADORIA-62338875-Termo-de-Colaboracao,,Psicólogo (Clínica Dialítica),PFRE,IMED,1,contrato_gestao_inicial
2024,C:\OSS-Goias\documentos\IMED\PFRE\2024\05_Contrato_Gestao_Aditivos\SEI_GOVERNADORIA-62338875-Termo-de-Colaboracao.pdf,SEI_GOVERNADORIA-62338875-Termo-de-Colaboracao,,Fisioterapeuta (Clínica Dialítica),PFRE,IMED,1,contrato_gestao_inicial
2024,C:\OSS-Goias\documentos\IMED\PFRE\2024\05_Contrato_Gestao_Aditivos\SEI_GOVERNADORIA-62338875-Termo-de-Colaboracao.pdf,SEI_GOVERNADORIA-62338875-Termo-de-Colaboracao,,Médico (Processo Transexualizador),PFRE,IMED,1,contrato_gestao_inicial
2024,C:\OSS-Goias\documentos\IMED\PFRE\2024\05_Contrato_Gestao_Aditivos\SEI_GOVERNADORIA-62338875-Termo-de-Colaboracao.pdf,SEI_GOVERNADORIA-62338875-Termo-de-Colaboracao,,Médico Psiquiatra (Processo Transexualizador),PFRE,IMED,1,contrato_gestao_inicial
2024,C:\OSS-Goias\documentos\IMED\PFRE\2024\05_Contrato_Gestao_Aditivos\SEI_GOVERNADORIA-62338875-Termo-de-Colaboracao.pdf,SEI_GOVERNADORIA-62338875-Termo-de-Colaboracao,,Psicólogo (Processo Transexualizador),PFRE,IMED,1,contrato_gestao_inicial
2024,C:\OSS-Goias\documentos\IMED\PFRE\2024\05_Contrato_Gestao_Aditivos\SEI_GOVERNADORIA-62338875-Termo-de-Colaboracao.pdf,SEI_GOVERNADORIA-62338875-Termo-de-Colaboracao,,Enfermeiro (Processo Transexualizador),PFRE,IMED,1,contrato_gestao_inicial
2024,C:\OSS-Goias\documentos\IMED\PFRE\2024\05_Contrato_Gestao_Aditivos\SEI_GOVERNADORIA-62338875-Termo-de-Colaboracao.pdf,SEI_GOVERNADORIA-62338875-Termo-de-Colaboracao,,Assistente Social (Processo Transexualizador),PFRE,IMED,1,contrato_gestao_inicial
2024,C:\OSS-Goias\documentos\Albert Einstein\HUGO\2024\05_Contrato_Gestao_Aditivos\Termo-de-Colaboracao-no-97.2024-SES-V.pdf,Termo-de-Colaboracao-no-97.2024-SES-V,,Médicos (servidores cedidos),HUGO,Hospital Albert Einstein (Sociedade Beneficente Israelita Brasileira),95,contrato_gestao_inicial
2024,C:\OSS-Goias\documentos\Albert Einstein\HUGO\2024\05_Contrato_Gestao_Aditivos\Termo-de-Colaboracao-no-97.2024-SES-V.pdf,Termo-de-Colaboracao-no-97.2024-SES-V,,Técnico em Enfermagem (servidores cedidos),HUGO,Hospital Albert Einstein (Sociedade Beneficente Israelita Brasileira),97,contrato_gestao_inicial
2024,C:\OSS-Goias\documentos\Albert Einstein\HUGO\2024\05_Contrato_Gestao_Aditivos\Termo-de-Colaboracao-no-97.2024-SES-V.pdf,Termo-de-Colaboracao-no-97.2024-SES-V,,Auxiliar de Enfermagem (servidores cedidos),HUGO,Hospital Albert Einstein (Sociedade Beneficente Israelita Brasileira),41,contrato_gestao_inicial
2024,C:\OSS-Goias\documentos\Albert Einstein\HUGO\2024\05_Contrato_Gestao_Aditivos\Termo-de-Colaboracao-no-97.2024-SES-V.pdf,Termo-de-Colaboracao-no-97.2024-SES-V,,Técnico em Radiologia (servidores cedidos),HUGO,Hospital Albert Einstein (Sociedade Beneficente Israelita Brasileira),49,contrato_gestao_inicial
2024,C:\OSS-Goias\documentos\Albert Einstein\HUGO\2024\05_Contrato_Gestao_Aditivos\Termo-de-Colaboracao-no-97.2024-SES-V.pdf,Termo-de-Colaboracao-no-97.2024-SES-V,,Cirurgião-Dentista (servidores cedidos),HUGO,Hospital Albert Einstein (Sociedade Beneficente Israelita Brasileira),13,contrato_gestao_inicial
2024,C:\OSS-Goias\documentos\Albert Einstein\HUGO\2024\05_Contrato_Gestao_Aditivos\Termo-de-Colaboracao-no-97.2024-SES-V.pdf,Termo-de-Colaboracao-no-97.2024-SES-V,,Técnico em Imobilização Ortopédica (servidores cedidos),HUGO,Hospital Albert Einstein (Sociedade Beneficente Israelita Brasileira),3,contrato_gestao_inicial
2024,C:\OSS-Goias\documentos\Albert Einstein\HUGO\2024\05_Contrato_Gestao_Aditivos\Termo-de-Colaboracao-no-97.2024-SES-V.pdf,Termo-de-Colaboracao-no-97.2024-SES-V,,Auxiliar de Radiologia (servidores cedidos),HUGO,Hospital Albert Einstein (Sociedade Beneficente Israelita Brasileira),7,contrato_gestao_inicial
2024,C:\OSS-Goias\documentos\Albert Einstein\HUGO\2024\05_Contrato_Gestao_Aditivos\Termo-de-Colaboracao-no-97.2024-SES-V.pdf,Termo-de-Colaboracao-no-97.2024-SES-V,,Total de servidores estatutários cedidos,HUGO,Hospital Albert Einstein (Sociedade Beneficente Israelita Brasileira),312,contrato_gestao_inicial
2025,C:\OSS-Goias\documentos\IDTech\HGG\2025\05_Contrato_Gestao_Aditivos\17. Compêtencias previstas no Contrato de Gestão - 17º Termo Aditivo - VIGENTE.pdf,17. Compêtencias previstas no Contrato de Gestão - 17º Termo Aditivo - VIGENTE,,Profissional de nível superior (NHE - unidades até 100 leitos),HGG,IDTECH,1,termo_aditivo
2025,C:\OSS-Goias\documentos\IDTech\HGG\2025\05_Contrato_Gestao_Aditivos\17. Compêtencias previstas no Contrato de Gestão - 17º Termo Aditivo - VIGENTE.pdf,17. Compêtencias previstas no Contrato de Gestão - 17º Termo Aditivo - VIGENTE,,Técnico de Enfermagem (NHE - unidades até 100 leitos),HGG,IDTECH,1,termo_aditivo
2025,C:\OSS-Goias\documentos\IDTech\HGG\2025\05_Contrato_Gestao_Aditivos\17. Compêtencias previstas no Contrato de Gestão - 17º Termo Aditivo - VIGENTE.pdf,17. Compêtencias previstas no Contrato de Gestão - 17º Termo Aditivo - VIGENTE,,Técnico Administrativo (NHE - unidades até 100 leitos),HGG,IDTECH,1,termo_aditivo
2025,C:\OSS-Goias\documentos\IDTech\HGG\2025\05_Contrato_Gestao_Aditivos\17. Compêtencias previstas no Contrato de Gestão - 17º Termo Aditivo - VIGENTE.pdf,17. Compêtencias previstas no Contrato de Gestão - 17º Termo Aditivo - VIGENTE,,Profissional de nível superior (NHE - unidades 101 a 250 leitos),HGG,IDTECH,2,termo_aditivo
2025,C:\OSS-Goias\documentos\IDTech\HGG\2025\05_Contrato_Gestao_Aditivos\17. Compêtencias previstas no Contrato de Gestão - 17º Termo Aditivo - VIGENTE.pdf,17. Compêtencias previstas no Contrato de Gestão - 17º Termo Aditivo - VIGENTE,,Técnico de Enfermagem (NHE - unidades 101 a 250 leitos),HGG,IDTECH,2,termo_aditivo
2025,C:\OSS-Goias\documentos\IDTech\HGG\2025\05_Contrato_Gestao_Aditivos\17. Compêtencias previstas no Contrato de Gestão - 17º Termo Aditivo - VIGENTE.pdf,17. Compêtencias previstas no Contrato de Gestão - 17º Termo Aditivo - VIGENTE,,Técnico Administrativo (NHE - unidades 101 a 250 leitos),HGG,IDTECH,1,termo_aditivo
2025,C:\OSS-Goias\documentos\IDTech\HGG\2025\05_Contrato_Gestao_Aditivos\17. Compêtencias previstas no Contrato de Gestão - 17º Termo Aditivo - VIGENTE.pdf,17. Compêtencias previstas no Contrato de Gestão - 17º Termo Aditivo - VIGENTE,,Profissional de nível superior (NHE - unidades acima de 250 leitos),HGG,IDTECH,2,termo_aditivo
2025,C:\OSS-Goias\documentos\IDTech\HGG\2025\05_Contrato_Gestao_Aditivos\17. Compêtencias previstas no Contrato de Gestão - 17º Termo Aditivo - VIGENTE.pdf,17. Compêtencias previstas no Contrato de Gestão - 17º Termo Aditivo - VIGENTE,,Técnico de Enfermagem (NHE - unidades acima de 250 leitos),HGG,IDTECH,3,termo_aditivo
2025,C:\OSS-Goias\documentos\IDTech\HGG\2025\05_Contrato_Gestao_Aditivos\17. Compêtencias previstas no Contrato de Gestão - 17º Termo Aditivo - VIGENTE.pdf,17. Compêtencias previstas no Contrato de Gestão - 17º Termo Aditivo - VIGENTE,,Técnico Administrativo (NHE - unidades acima de 250 leitos),HGG,IDTECH,1,termo_aditivo
2025,C:\OSS-Goias\documentos\FUNEV\HEANA\2025\05_Contrato_Gestao_Aditivos\1758281865375-ilovepdf_merged.pdf,1758281865375-ilovepdf_merged,,Responsável Técnico médico,HEANA,FUNEV,1,termo_aditivo
2025,C:\OSS-Goias\documentos\FUNEV\HEANA\2025\05_Contrato_Gestao_Aditivos\1758281865375-ilovepdf_merged.pdf,1758281865375-ilovepdf_merged,,Responsável Técnico enfermagem,HEANA,FUNEV,1,termo_aditivo
2025,C:\OSS-Goias\documentos\FUNEV\HEANA\2025\05_Contrato_Gestao_Aditivos\1758281865375-ilovepdf_merged.pdf,1758281865375-ilovepdf_merged,,Equipe médica e multiprofissional especializada,HEANA,FUNEV,0,termo_aditivo
2025,C:\OSS-Goias\documentos\FUNEV\HEANA\2025\05_Contrato_Gestao_Aditivos\1758281865375-ilovepdf_merged.pdf,1758281865375-ilovepdf_merged,20 horas semanais,Preceptor Residência Médica (proporção 2 preceptores/3 residentes),HEANA,FUNEV,0,termo_aditivo
2025,C:\OSS-Goias\documentos\FUNEV\HEANA\2025\05_Contrato_Gestao_Aditivos\1758281865375-ilovepdf_merged.pdf,1758281865375-ilovepdf_merged,,Coordenador COREME,HEANA,FUNEV,1,termo_aditivo
2025,C:\OSS-Goias\documentos\FUNEV\HEANA\2025\05_Contrato_Gestao_Aditivos\1758281865375-ilovepdf_merged.pdf,1758281865375-ilovepdf_merged,exclusiva,Coordenador COREMU Local,HEANA,FUNEV,1,termo_aditivo
2025,C:\OSS-Goias\documentos\FUNEV\HEANA\2025\05_Contrato_Gestao_Aditivos\1758281865375-ilovepdf_merged.pdf,1758281865375-ilovepdf_merged,30 horas semanais,Tutor PRAPS/PRMS por área profissional,HEANA,FUNEV,0,termo_aditivo
2025,C:\OSS-Goias\documentos\FUNEV\HEANA\2025\05_Contrato_Gestao_Aditivos\1758281865375-ilovepdf_merged.pdf,1758281865375-ilovepdf_merged,,Executor administrativo COREME,HEANA,FUNEV,1,termo_aditivo
2025,C:\OSS-Goias\documentos\FUNEV\HEANA\2025\05_Contrato_Gestao_Aditivos\1758281865375-ilovepdf_merged.pdf,1758281865375-ilovepdf_merged,,Executor administrativo COREMU,HEANA,FUNEV,1,termo_aditivo
2025,C:\OSS-Goias\documentos\FUNEV\HEANA\2025\05_Contrato_Gestao_Aditivos\1758281865375-ilovepdf_merged.pdf,1758281865375-ilovepdf_merged,,NHE - Unidades 101 a 250 leitos: profissional nível superior (coordenador),HEANA,FUNEV,1,termo_aditivo
2025,C:\OSS-Goias\documentos\FUNEV\HEANA\2025\05_Contrato_Gestao_Aditivos\1758281865375-ilovepdf_merged.pdf,1758281865375-ilovepdf_merged,,NHE - Técnico de Enfermagem,HEANA,FUNEV,2,termo_aditivo
2025,C:\OSS-Goias\documentos\FUNEV\HEANA\2025\05_Contrato_Gestao_Aditivos\1758281865375-ilovepdf_merged.pdf,1758281865375-ilovepdf_merged,,NHE - Técnico Administrativo,HEANA,FUNEV,1,termo_aditivo
2025,C:\OSS-Goias\documentos\FUNEV\HEANA\2025\05_Contrato_Gestao_Aditivos\1758281865375-ilovepdf_merged.pdf,1758281865375-ilovepdf_merged,,EMAD - Equipes Multiprofissionais de Atenção Domiciliar,HEANA,FUNEV,2,termo_aditivo
2025,C:\OSS-Goias\documentos\FUNEV\HEANA\2025\05_Contrato_Gestao_Aditivos\1758281865375-ilovepdf_merged.pdf,1758281865375-ilovepdf_merged,,EMAP - Equipe Multiprofissional de Apoio,HEANA,FUNEV,1,termo_aditivo
2025,C:\OSS-Goias\documentos\ISG\HDT\2025\05_Contrato_Gestao_Aditivos\HDT-Contrato-de-Gestao-no-091-2012-SES-GO-JUL-25.xlsx,HDT-Contrato-de-Gestao-no-091-2012-SES-GO-JUL-25,,Servidores Cedidos,HDT,ISG,0,termo_aditivo
2025,C:\OSS-Goias\documentos\ISG\HDT\2025\05_Contrato_Gestao_Aditivos\HDT-Contrato-de-Gestao-no-091-2012-SES-GO-JUL-25.xlsx,HDT-Contrato-de-Gestao-no-091-2012-SES-GO-JUL-25,,Residentes (Bolsistas),HDT,ISG,0,termo_aditivo
2025,C:\OSS-Goias\documentos\ISG\HDT\2025\05_Contrato_Gestao_Aditivos\HDT-Contrato-de-Gestao-no-091-2012-SES-GO-JUL-25.xlsx,HDT-Contrato-de-Gestao-no-091-2012-SES-GO-JUL-25,,Supervisor/Coordenador/Preceptor/Tutor COREME,HDT,ISG,0,termo_aditivo
2025,C:\OSS-Goias\documentos\ISG\HDT\2025\05_Contrato_Gestao_Aditivos\Relatorio-Resumido-da-Execucao-Orcamentaria-e-Financeira-por-Contrato-de-Gestao-Outubro-2025-Excel.xlsx,Relatorio-Resumido-da-Execucao-Orcamentaria-e-Financeira-por-Contrato-de-Gestao-Outubro-2025-Excel,,Servidor Cedido,HDT,ISG,0,outro
2025,C:\OSS-Goias\documentos\ISG\HDT\2025\05_Contrato_Gestao_Aditivos\Relatorio-Resumido-da-Execucao-Orcamentaria-e-Financeira-por-Contrato-de-Gestao-Outubro-2025-Excel.xlsx,Relatorio-Resumido-da-Execucao-Orcamentaria-e-Financeira-por-Contrato-de-Gestao-Outubro-2025-Excel,,Residente (Bolsa de Residência),HDT,ISG,0,outro
2025,C:\OSS-Goias\documentos\ISG\HDT\2025\05_Contrato_Gestao_Aditivos\Relatorio-Resumido-da-Execucao-Orcamentaria-e-Financeira-por-Contrato-de-Gestao-Outubro-2025-Excel.xlsx,Relatorio-Resumido-da-Execucao-Orcamentaria-e-Financeira-por-Contrato-de-Gestao-Outubro-2025-Excel,,Supervisor/Coordenador/Preceptor/Tutor COREME,HDT,ISG,0,outro
2025,C:\OSS-Goias\documentos\IMED\PFRE\2025\05_Contrato_Gestao_Aditivos\SEI_GOVERNADORIA-70842015-Aditivo.pdf,SEI_GOVERNADORIA-70842015-Aditivo,,Gestor/Diretor (Responsável Técnico médico),Policlínica Estadual da Região do Entorno - Unidade Formosa,IMED,1,termo_aditivo
2025,C:\OSS-Goias\documentos\IMED\PFRE\2025\05_Contrato_Gestao_Aditivos\SEI_GOVERNADORIA-70842015-Aditivo.pdf,SEI_GOVERNADORIA-70842015-Aditivo,,Assistente Social,Policlínica Estadual da Região do Entorno - Unidade Formosa,IMED,0,termo_aditivo
2025,C:\OSS-Goias\documentos\IMED\PFRE\2025\05_Contrato_Gestao_Aditivos\SEI_GOVERNADORIA-70842015-Aditivo.pdf,SEI_GOVERNADORIA-70842015-Aditivo,,Enfermeiro,Policlínica Estadual da Região do Entorno - Unidade Formosa,IMED,0,termo_aditivo
2025,C:\OSS-Goias\documentos\IMED\PFRE\2025\05_Contrato_Gestao_Aditivos\SEI_GOVERNADORIA-70842015-Aditivo.pdf,SEI_GOVERNADORIA-70842015-Aditivo,,Farmacêutico,Policlínica Estadual da Região do Entorno - Unidade Formosa,IMED,0,termo_aditivo
2025,C:\OSS-Goias\documentos\IMED\PFRE\2025\05_Contrato_Gestao_Aditivos\SEI_GOVERNADORIA-70842015-Aditivo.pdf,SEI_GOVERNADORIA-70842015-Aditivo,,Fisioterapeuta,Policlínica Estadual da Região do Entorno - Unidade Formosa,IMED,0,termo_aditivo
2025,C:\OSS-Goias\documentos\IMED\PFRE\2025\05_Contrato_Gestao_Aditivos\SEI_GOVERNADORIA-70842015-Aditivo.pdf,SEI_GOVERNADORIA-70842015-Aditivo,,Fonoaudiólogo,Policlínica Estadual da Região do Entorno - Unidade Formosa,IMED,0,termo_aditivo
2025,C:\OSS-Goias\documentos\IMED\PFRE\2025\05_Contrato_Gestao_Aditivos\SEI_GOVERNADORIA-70842015-Aditivo.pdf,SEI_GOVERNADORIA-70842015-Aditivo,,Nutricionista,Policlínica Estadual da Região do Entorno - Unidade Formosa,IMED,0,termo_aditivo
2025,C:\OSS-Goias\documentos\IMED\PFRE\2025\05_Contrato_Gestao_Aditivos\SEI_GOVERNADORIA-70842015-Aditivo.pdf,SEI_GOVERNADORIA-70842015-Aditivo,,Psicólogo,Policlínica Estadual da Região do Entorno - Unidade Formosa,IMED,0,termo_aditivo
2025,C:\OSS-Goias\documentos\IMED\PFRE\2025\05_Contrato_Gestao_Aditivos\SEI_GOVERNADORIA-70842015-Aditivo.pdf,SEI_GOVERNADORIA-70842015-Aditivo,,Médico Nefrologista RT,Policlínica Estadual da Região do Entorno - Unidade Formosa,IMED,1,termo_aditivo
2025,C:\OSS-Goias\documentos\IMED\PFRE\2025\05_Contrato_Gestao_Aditivos\SEI_GOVERNADORIA-70842015-Aditivo.pdf,SEI_GOVERNADORIA-70842015-Aditivo,,Médico Nefrologista plantonista,Policlínica Estadual da Região do Entorno - Unidade Formosa,IMED,1,termo_aditivo
2025,C:\OSS-Goias\documentos\IMED\PFRE\2025\05_Contrato_Gestao_Aditivos\SEI_GOVERNADORIA-70842015-Aditivo.pdf,SEI_GOVERNADORIA-70842015-Aditivo,,Enfermeiro RT (hemodiálise),Policlínica Estadual da Região do Entorno - Unidade Formosa,IMED,1,termo_aditivo
2025,C:\OSS-Goias\documentos\IMED\PFRE\2025\05_Contrato_Gestao_Aditivos\SEI_GOVERNADORIA-70842015-Aditivo.pdf,SEI_GOVERNADORIA-70842015-Aditivo,,Enfermeiro (hemodiálise - 35 pacientes/turno),Policlínica Estadual da Região do Entorno - Unidade Formosa,IMED,1,termo_aditivo
2025,C:\OSS-Goias\documentos\IMED\PFRE\2025\05_Contrato_Gestao_Aditivos\SEI_GOVERNADORIA-70842015-Aditivo.pdf,SEI_GOVERNADORIA-70842015-Aditivo,,Técnico de Enfermagem (hemodiálise - 4 pacientes),Policlínica Estadual da Região do Entorno - Unidade Formosa,IMED,1,termo_aditivo
2025,C:\OSS-Goias\documentos\IMED\PFRE\2025\05_Contrato_Gestao_Aditivos\SEI_GOVERNADORIA-70842015-Aditivo.pdf,SEI_GOVERNADORIA-70842015-Aditivo,,Médico Infectologista (SAE),Policlínica Estadual da Região do Entorno - Unidade Formosa,IMED,1,termo_aditivo
2025,C:\OSS-Goias\documentos\IMED\PFRE\2025\05_Contrato_Gestao_Aditivos\SEI_GOVERNADORIA-70842015-Aditivo.pdf,SEI_GOVERNADORIA-70842015-Aditivo,,Cirurgião-Dentista clínico geral (SAE),Policlínica Estadual da Região do Entorno - Unidade Formosa,IMED,1,termo_aditivo
2025,C:\OSS-Goias\documentos\IMED\PFRE\2025\05_Contrato_Gestao_Aditivos\SEI_GOVERNADORIA-70842015-Aditivo.pdf,SEI_GOVERNADORIA-70842015-Aditivo,,Técnico de Enfermagem (SAE),Policlínica Estadual da Região do Entorno - Unidade Formosa,IMED,1,termo_aditivo
2025,C:\OSS-Goias\documentos\IMED\PFRE\2025\05_Contrato_Gestao_Aditivos\SEI_GOVERNADORIA-76128526-Termo.pdf,SEI_GOVERNADORIA-76128526-Termo,,Médico Nefrologista Responsável Técnico (TRS),PFRE,IMED,1,contrato_gestao_inicial
2025,C:\OSS-Goias\documentos\IMED\PFRE\2025\05_Contrato_Gestao_Aditivos\SEI_GOVERNADORIA-76128526-Termo.pdf,SEI_GOVERNADORIA-76128526-Termo,,Médico Nefrologista plantonista (TRS),PFRE,IMED,1,contrato_gestao_inicial
2025,C:\OSS-Goias\documentos\IMED\PFRE\2025\05_Contrato_Gestao_Aditivos\SEI_GOVERNADORIA-76128526-Termo.pdf,SEI_GOVERNADORIA-76128526-Termo,,Enfermeiro Responsável Técnico (TRS),PFRE,IMED,1,contrato_gestao_inicial
2025,C:\OSS-Goias\documentos\IMED\PFRE\2025\05_Contrato_Gestao_Aditivos\SEI_GOVERNADORIA-76128526-Termo.pdf,SEI_GOVERNADORIA-76128526-Termo,,Enfermeiro (TRS – 35 pacientes por turno),PFRE,IMED,1,contrato_gestao_inicial
2025,C:\OSS-Goias\documentos\IMED\PFRE\2025\05_Contrato_Gestao_Aditivos\SEI_GOVERNADORIA-76128526-Termo.pdf,SEI_GOVERNADORIA-76128526-Termo,,Técnico de Enfermagem (TRS – 4 pacientes por técnico),PFRE,IMED,0,contrato_gestao_inicial
2025,C:\OSS-Goias\documentos\IMED\PFRE\2025\05_Contrato_Gestao_Aditivos\SEI_GOVERNADORIA-76128526-Termo.pdf,SEI_GOVERNADORIA-76128526-Termo,,Assistente Social (TRS),PFRE,IMED,1,contrato_gestao_inicial
2025,C:\OSS-Goias\documentos\IMED\PFRE\2025\05_Contrato_Gestao_Aditivos\SEI_GOVERNADORIA-76128526-Termo.pdf,SEI_GOVERNADORIA-76128526-Termo,,Nutricionista (TRS),PFRE,IMED,1,contrato_gestao_inicial
2025,C:\OSS-Goias\documentos\IMED\PFRE\2025\05_Contrato_Gestao_Aditivos\SEI_GOVERNADORIA-76128526-Termo.pdf,SEI_GOVERNADORIA-76128526-Termo,,Psicólogo (TRS),PFRE,IMED,1,contrato_gestao_inicial
2025,C:\OSS-Goias\documentos\IMED\PFRE\2025\05_Contrato_Gestao_Aditivos\SEI_GOVERNADORIA-76128526-Termo.pdf,SEI_GOVERNADORIA-76128526-Termo,,Fisioterapeuta (TRS),PFRE,IMED,1,contrato_gestao_inicial
2025,C:\OSS-Goias\documentos\IMED\PFRE\2025\05_Contrato_Gestao_Aditivos\SEI_GOVERNADORIA-76128526-Termo.pdf,SEI_GOVERNADORIA-76128526-Termo,,Médico Infectologista (SAE Grupo 12),PFRE,IMED,1,contrato_gestao_inicial
2025,C:\OSS-Goias\documentos\IMED\PFRE\2025\05_Contrato_Gestao_Aditivos\SEI_GOVERNADORIA-76128526-Termo.pdf,SEI_GOVERNADORIA-76128526-Termo,,Farmacêutico (SAE Grupo 12),PFRE,IMED,1,contrato_gestao_inicial
2025,C:\OSS-Goias\documentos\IMED\PFRE\2025\05_Contrato_Gestao_Aditivos\SEI_GOVERNADORIA-76128526-Termo.pdf,SEI_GOVERNADORIA-76128526-Termo,,Enfermeiro (SAE Grupo 12),PFRE,IMED,1,contrato_gestao_inicial
2025,C:\OSS-Goias\documentos\IMED\PFRE\2025\05_Contrato_Gestao_Aditivos\SEI_GOVERNADORIA-76128526-Termo.pdf,SEI_GOVERNADORIA-76128526-Termo,,Assistente Social (SAE Grupo 12),PFRE,IMED,1,contrato_gestao_inicial
2025,C:\OSS-Goias\documentos\IMED\PFRE\2025\05_Contrato_Gestao_Aditivos\SEI_GOVERNADORIA-76128526-Termo.pdf,SEI_GOVERNADORIA-76128526-Termo,,Psicólogo (SAE Grupo 12),PFRE,IMED,1,contrato_gestao_inicial
2025,C:\OSS-Goias\documentos\IMED\PFRE\2025\05_Contrato_Gestao_Aditivos\SEI_GOVERNADORIA-76128526-Termo.pdf,SEI_GOVERNADORIA-76128526-Termo,,Cirurgião-Dentista clínico geral (SAE Grupo 12),PFRE,IMED,1,contrato_gestao_inicial
2025,C:\OSS-Goias\documentos\IMED\PFRE\2025\05_Contrato_Gestao_Aditivos\SEI_GOVERNADORIA-76128526-Termo.pdf,SEI_GOVERNADORIA-76128526-Termo,,Técnico de Enfermagem (SAE Grupo 12),PFRE,IMED,1,contrato_gestao_inicial
2025,C:\OSS-Goias\documentos\IMED\PFRE\2025\05_Contrato_Gestao_Aditivos\SEI_GOVERNADORIA-76128526-Termo.pdf,SEI_GOVERNADORIA-76128526-Termo,,Responsável Técnico médico da Unidade,PFRE,IMED,1,contrato_gestao_inicial
2025,C:\OSS-Goias\documentos\AGIR\HEJ\2025\05_Contrato_Gestao_Aditivos\Termo 41-2025 HEJ.pdf,Termo 41-2025 HEJ,,Responsável Técnico médico,HEJ,AGIR,1,contrato_gestao_inicial
2025,C:\OSS-Goias\documentos\AGIR\HEJ\2025\05_Contrato_Gestao_Aditivos\Termo 41-2025 HEJ.pdf,Termo 41-2025 HEJ,,Responsável Técnico enfermagem,HEJ,AGIR,1,contrato_gestao_inicial
2025,C:\OSS-Goias\documentos\AGIR\HEJ\2025\05_Contrato_Gestao_Aditivos\Termo 41-2025 HEJ.pdf,Termo 41-2025 HEJ,,Equipe médica multiprofissional por especialidade exigida,HEJ,AGIR,0,contrato_gestao_inicial
2025,C:\OSS-Goias\documentos\AGIR\HEJ\2025\05_Contrato_Gestao_Aditivos\Termo 41-2025 HEJ.pdf,Termo 41-2025 HEJ,,Assistente Social,HEJ,AGIR,0,contrato_gestao_inicial
2025,C:\OSS-Goias\documentos\AGIR\HEJ\2025\05_Contrato_Gestao_Aditivos\Termo 41-2025 HEJ.pdf,Termo 41-2025 HEJ,,Bucomaxilofacial,HEJ,AGIR,0,contrato_gestao_inicial
2025,C:\OSS-Goias\documentos\AGIR\HEJ\2025\05_Contrato_Gestao_Aditivos\Termo 41-2025 HEJ.pdf,Termo 41-2025 HEJ,,Enfermagem,HEJ,AGIR,0,contrato_gestao_inicial
2025,C:\OSS-Goias\documentos\AGIR\HEJ\2025\05_Contrato_Gestao_Aditivos\Termo 41-2025 HEJ.pdf,Termo 41-2025 HEJ,24 horas,Farmacêutico,HEJ,AGIR,0,contrato_gestao_inicial
2025,C:\OSS-Goias\documentos\AGIR\HEJ\2025\05_Contrato_Gestao_Aditivos\Termo 41-2025 HEJ.pdf,Termo 41-2025 HEJ,,Fisioterapeuta,HEJ,AGIR,0,contrato_gestao_inicial
2025,C:\OSS-Goias\documentos\AGIR\HEJ\2025\05_Contrato_Gestao_Aditivos\Termo 41-2025 HEJ.pdf,Termo 41-2025 HEJ,,Fonoaudiólogo,HEJ,AGIR,0,contrato_gestao_inicial
2025,C:\OSS-Goias\documentos\AGIR\HEJ\2025\05_Contrato_Gestao_Aditivos\Termo 41-2025 HEJ.pdf,Termo 41-2025 HEJ,,Nutricionista,HEJ,AGIR,0,contrato_gestao_inicial
2025,C:\OSS-Goias\documentos\AGIR\HEJ\2025\05_Contrato_Gestao_Aditivos\Termo 41-2025 HEJ.pdf,Termo 41-2025 HEJ,,Psicólogo,HEJ,AGIR,0,contrato_gestao_inicial
2025,C:\OSS-Goias\documentos\AGIR\HEJ\2025\05_Contrato_Gestao_Aditivos\Termo 41-2025 HEJ.pdf,Termo 41-2025 HEJ,,Terapeuta Ocupacional,HEJ,AGIR,0,contrato_gestao_inicial
2025,C:\OSS-Goias\documentos\AGIR\HEJ\2025\05_Contrato_Gestao_Aditivos\Termo 41-2025 HEJ.pdf,Termo 41-2025 HEJ,diurno,Médico hospitalista (diarista),HEJ,AGIR,0,contrato_gestao_inicial
2025,C:\OSS-Goias\documentos\AGIR\HEJ\2025\05_Contrato_Gestao_Aditivos\Termo 41-2025 HEJ.pdf,Termo 41-2025 HEJ,24h/7 dias,"Equipe NIR (até 100 leitos: 1 profissional nível superior, 1 técnico enfermagem, 1 técnico administrativo)",HEJ,AGIR,0,contrato_gestao_inicial
2025,C:\OSS-Goias\documentos\IPGSE\HERSO\2025\05_Contrato_Gestao_Aditivos\termo-de-colaboracao-101-2024-ses-07-07-2025-454ee89a1c.pdf,termo-de-colaboracao-101-2024-ses-07-07-2025-454ee89a1c,,Assistente Social,HERSO,IPGSE,6,contrato_gestao_inicial
2025,C:\OSS-Goias\documentos\IPGSE\HERSO\2025\05_Contrato_Gestao_Aditivos\termo-de-colaboracao-101-2024-ses-07-07-2025-454ee89a1c.pdf,termo-de-colaboracao-101-2024-ses-07-07-2025-454ee89a1c,,Assistente Técnico de Saúde,HERSO,IPGSE,46,contrato_gestao_inicial
2025,C:\OSS-Goias\documentos\IPGSE\HERSO\2025\05_Contrato_Gestao_Aditivos\termo-de-colaboracao-101-2024-ses-07-07-2025-454ee89a1c.pdf,termo-de-colaboracao-101-2024-ses-07-07-2025-454ee89a1c,,Auxiliar de Radiologia,HERSO,IPGSE,2,contrato_gestao_inicial
2025,C:\OSS-Goias\documentos\IPGSE\HERSO\2025\05_Contrato_Gestao_Aditivos\termo-de-colaboracao-101-2024-ses-07-07-2025-454ee89a1c.pdf,termo-de-colaboracao-101-2024-ses-07-07-2025-454ee89a1c,,Auxiliar de Serviços Gerais,HERSO,IPGSE,39,contrato_gestao_inicial
2025,C:\OSS-Goias\documentos\IPGSE\HERSO\2025\05_Contrato_Gestao_Aditivos\termo-de-colaboracao-101-2024-ses-07-07-2025-454ee89a1c.pdf,termo-de-colaboracao-101-2024-ses-07-07-2025-454ee89a1c,,Auxiliar Técnico de Saúde,HERSO,IPGSE,13,contrato_gestao_inicial
2025,C:\OSS-Goias\documentos\IPGSE\HERSO\2025\05_Contrato_Gestao_Aditivos\termo-de-colaboracao-101-2024-ses-07-07-2025-454ee89a1c.pdf,termo-de-colaboracao-101-2024-ses-07-07-2025-454ee89a1c,,Biomédico,HERSO,IPGSE,3,contrato_gestao_inicial
2025,C:\OSS-Goias\documentos\IPGSE\HERSO\2025\05_Contrato_Gestao_Aditivos\termo-de-colaboracao-101-2024-ses-07-07-2025-454ee89a1c.pdf,termo-de-colaboracao-101-2024-ses-07-07-2025-454ee89a1c,,Cirurgião-Dentista,HERSO,IPGSE,2,contrato_gestao_inicial
2025,C:\OSS-Goias\documentos\IPGSE\HERSO\2025\05_Contrato_Gestao_Aditivos\termo-de-colaboracao-101-2024-ses-07-07-2025-454ee89a1c.pdf,termo-de-colaboracao-101-2024-ses-07-07-2025-454ee89a1c,,Enfermeiro,HERSO,IPGSE,14,contrato_gestao_inicial
2025,C:\OSS-Goias\documentos\IPGSE\HERSO\2025\05_Contrato_Gestao_Aditivos\termo-de-colaboracao-101-2024-ses-07-07-2025-454ee89a1c.pdf,termo-de-colaboracao-101-2024-ses-07-07-2025-454ee89a1c,,Farmacêutico,HERSO,IPGSE,4,contrato_gestao_inicial
2025,C:\OSS-Goias\documentos\IPGSE\HERSO\2025\05_Contrato_Gestao_Aditivos\termo-de-colaboracao-101-2024-ses-07-07-2025-454ee89a1c.pdf,termo-de-colaboracao-101-2024-ses-07-07-2025-454ee89a1c,,Médico,HERSO,IPGSE,3,contrato_gestao_inicial
2025,C:\OSS-Goias\documentos\IPGSE\HERSO\2025\05_Contrato_Gestao_Aditivos\termo-de-colaboracao-101-2024-ses-07-07-2025-454ee89a1c.pdf,termo-de-colaboracao-101-2024-ses-07-07-2025-454ee89a1c,,Nutricionista,HERSO,IPGSE,1,contrato_gestao_inicial
2025,C:\OSS-Goias\documentos\IPGSE\HERSO\2025\05_Contrato_Gestao_Aditivos\termo-de-colaboracao-101-2024-ses-07-07-2025-454ee89a1c.pdf,termo-de-colaboracao-101-2024-ses-07-07-2025-454ee89a1c,,Técnico em Enfermagem,HERSO,IPGSE,152,contrato_gestao_inicial
2025,C:\OSS-Goias\documentos\IPGSE\HERSO\2025\05_Contrato_Gestao_Aditivos\termo-de-colaboracao-101-2024-ses-07-07-2025-454ee89a1c.pdf,termo-de-colaboracao-101-2024-ses-07-07-2025-454ee89a1c,,Técnico em Laboratório,HERSO,IPGSE,4,contrato_gestao_inicial
2025,C:\OSS-Goias\documentos\IPGSE\HERSO\2025\05_Contrato_Gestao_Aditivos\termo-de-colaboracao-101-2024-ses-07-07-2025-454ee89a1c.pdf,termo-de-colaboracao-101-2024-ses-07-07-2025-454ee89a1c,,Técnico em Radiologia,HERSO,IPGSE,10,contrato_gestao_inicial
2026,C:\OSS-Goias\documentos\IMED\HETRIN\2026\05_Contrato_Gestao_Aditivos\7o-Termo-Aditivo-HETRIN.pdf,7o-Termo-Aditivo-HETRIN,,Responsável Técnico médico,HETRIN,IMED,1,termo_aditivo
2026,C:\OSS-Goias\documentos\IMED\HETRIN\2026\05_Contrato_Gestao_Aditivos\7o-Termo-Aditivo-HETRIN.pdf,7o-Termo-Aditivo-HETRIN,,Responsável Técnico enfermagem,HETRIN,IMED,1,termo_aditivo
2026,C:\OSS-Goias\documentos\IMED\HETRIN\2026\05_Contrato_Gestao_Aditivos\7o-Termo-Aditivo-HETRIN.pdf,7o-Termo-Aditivo-HETRIN,diurno,Médico hospitalista (diarista),HETRIN,IMED,0,termo_aditivo
2026,C:\OSS-Goias\documentos\IMED\HETRIN\2026\05_Contrato_Gestao_Aditivos\7o-Termo-Aditivo-HETRIN.pdf,7o-Termo-Aditivo-HETRIN,,Técnico em Enfermagem (servidor cedido),HETRIN,IMED,2,termo_aditivo
2026,C:\OSS-Goias\documentos\IMED\HETRIN\2026\05_Contrato_Gestao_Aditivos\7o-Termo-Aditivo-HETRIN.pdf,7o-Termo-Aditivo-HETRIN,20h semanais (proporção 2:3) ou 40h semanais (proporção 1:6),Preceptor Residência Médica,HETRIN,IMED,0,termo_aditivo
2026,C:\OSS-Goias\documentos\IMED\HETRIN\2026\05_Contrato_Gestao_Aditivos\7o-Termo-Aditivo-HETRIN.pdf,7o-Termo-Aditivo-HETRIN,,Coordenador COREME,HETRIN,IMED,1,termo_aditivo
2026,C:\OSS-Goias\documentos\IMED\HETRIN\2026\05_Contrato_Gestao_Aditivos\7o-Termo-Aditivo-HETRIN.pdf,7o-Termo-Aditivo-HETRIN,,Executor Administrativo COREME,HETRIN,IMED,1,termo_aditivo
2026,C:\OSS-Goias\documentos\IMED\HETRIN\2026\05_Contrato_Gestao_Aditivos\7o-Termo-Aditivo-HETRIN.pdf,7o-Termo-Aditivo-HETRIN,,Executor Administrativo COREMU,HETRIN,IMED,1,termo_aditivo
2026,C:\OSS-Goias\documentos\IMED\HETRIN\2026\05_Contrato_Gestao_Aditivos\7o-Termo-Aditivo-HETRIN.pdf,7o-Termo-Aditivo-HETRIN,exclusiva,Coordenador COREMU Local,HETRIN,IMED,1,termo_aditivo
2026,C:\OSS-Goias\documentos\IMED\HETRIN\2026\05_Contrato_Gestao_Aditivos\7o-Termo-Aditivo-HETRIN.pdf,7o-Termo-Aditivo-HETRIN,30h semanais,Tutor por área profissional (PRMS/PRAPS),HETRIN,IMED,0,termo_aditivo
2026,C:\OSS-Goias\documentos\IMED\HETRIN\2026\05_Contrato_Gestao_Aditivos\7o-Termo-Aditivo-HETRIN.pdf,7o-Termo-Aditivo-HETRIN,mínimo 2 preceptores para 3 residentes,Preceptor Residência Multiprofissional,HETRIN,IMED,0,termo_aditivo
2026,C:\OSS-Goias\documentos\Hospital de Amor\CORA\2026\05_Contrato_Gestao_Aditivos\Membros dos conselhos de administração e fiscal última alteração - Janeiro - 2026.xlsx,Membros dos conselhos de administração e fiscal última alteração - Janeiro - 2026,,Secretário Geral (Dr. Alexandre Oliveira Cecin),CORA,Hospital de Amor,1,outro
2026,C:\OSS-Goias\documentos\Hospital de Amor\CORA\2026\05_Contrato_Gestao_Aditivos\Membros dos conselhos de administração e fiscal última alteração - Janeiro - 2026.xlsx,Membros dos conselhos de administração e fiscal última alteração - Janeiro - 2026,,Secretário Administrativo (Dr. Maurício Wagner Souto Ferraz),CORA,Hospital de Amor,1,outro
2026,C:\OSS-Goias\documentos\Hospital de Amor\CORA\2026\05_Contrato_Gestao_Aditivos\Membros dos conselhos de administração e fiscal última alteração - Janeiro - 2026.xlsx,Membros dos conselhos de administração e fiscal última alteração - Janeiro - 2026,,Secretário Financeiro (Dr. Caio Augusto Dantas Pereira),CORA,Hospital de Amor,1,outro
